racunar_broj_racunara,igrica_idigrica
28085,1
28085,2
28085,3
28085,4
28085,5
28085,6
28085,7
28085,8
28085,9
28085,10
28085,11
28085,12
28085,13
28085,14
28085,15
28085,16
28085,17
28085,18
28085,19
28085,20
84062,21
84062,22
84062,23
84062,24
84062,25
84062,26
84062,27
84062,28
84062,29
84062,30
84062,31
84062,32
84062,33
84062,34
84062,35
84062,36
84062,37
84062,38
84062,39
84062,40
17053,41
17053,42
17053,43
17053,44
17053,45
17053,46
17053,47
17053,48
17053,49
17053,50
17053,51
17053,52
17053,53
17053,54
17053,55
17053,56
17053,57
17053,58
17053,59
17053,60
7922,61
7922,62
7922,63
7922,64
7922,65
7922,66
7922,67
7922,68
7922,69
7922,70
7922,71
7922,72
7922,73
7922,74
7922,75
7922,76
7922,77
7922,78
7922,79
7922,80
63545,81
63545,82
63545,83
63545,84
63545,85
63545,86
63545,87
63545,88
63545,89
63545,90
63545,91
63545,92
63545,93
63545,94
63545,95
63545,96
63545,97
63545,98
63545,99
63545,100
97088,101
97088,102
97088,103
97088,104
97088,105
97088,106
97088,107
97088,108
97088,109
97088,110
97088,111
97088,112
97088,113
97088,114
97088,115
97088,116
97088,117
97088,118
97088,119
97088,120
34207,121
34207,122
34207,123
34207,124
34207,125
34207,126
34207,127
34207,128
34207,129
34207,130
34207,131
34207,132
34207,133
34207,134
34207,135
34207,136
34207,137
34207,138
34207,139
34207,140
623,141
623,142
623,143
623,144
623,145
623,146
623,147
623,148
623,149
623,150
623,151
623,152
623,153
623,154
623,155
623,156
623,157
623,158
623,159
623,160
8301,161
8301,162
8301,163
8301,164
8301,165
8301,166
8301,167
8301,168
8301,169
8301,170
8301,171
8301,172
8301,173
8301,174
8301,1
8301,2
8301,3
8301,4
8301,5
8301,6
95832,1
95832,2
95832,3
95832,4
95832,5
95832,6
95832,7
95832,8
95832,9
95832,10
95832,11
95832,12
95832,13
95832,14
95832,15
95832,16
95832,17
95832,18
95832,19
95832,20
17976,1
17976,2
17976,3
17976,4
17976,5
17976,6
17976,7
17976,8
17976,9
17976,10
17976,11
17976,12
17976,13
17976,14
17976,15
17976,16
17976,17
17976,18
17976,19
17976,20
61108,21
61108,22
61108,23
61108,24
61108,25
61108,26
61108,27
61108,28
61108,29
61108,30
61108,31
61108,32
61108,33
61108,34
61108,35
61108,36
61108,37
61108,38
61108,39
61108,40
79150,41
79150,42
79150,43
79150,44
79150,45
79150,46
79150,47
79150,48
79150,49
79150,50
79150,51
79150,52
79150,53
79150,54
79150,55
79150,56
79150,57
79150,58
79150,59
79150,60
20982,61
20982,62
20982,63
20982,64
20982,65
20982,66
20982,67
20982,68
20982,69
20982,70
20982,71
20982,72
20982,73
20982,74
20982,75
20982,76
20982,77
20982,78
20982,79
20982,80
86211,81
86211,82
86211,83
86211,84
86211,85
86211,86
86211,87
86211,88
86211,89
86211,90
86211,91
86211,92
86211,93
86211,94
86211,95
86211,96
86211,97
86211,98
86211,99
86211,100
50657,101
50657,102
50657,103
50657,104
50657,105
50657,106
50657,107
50657,108
50657,109
50657,110
50657,111
50657,112
50657,113
50657,114
50657,115
50657,116
50657,117
50657,118
50657,119
50657,120
51955,121
51955,122
51955,123
51955,124
51955,125
51955,126
51955,127
51955,128
51955,129
51955,130
51955,131
51955,132
51955,133
51955,134
51955,135
51955,136
51955,137
51955,138
51955,139
51955,140
97823,141
97823,142
97823,143
97823,144
97823,145
97823,146
97823,147
97823,148
97823,149
97823,150
97823,151
97823,152
97823,153
97823,154
97823,155
97823,156
97823,157
97823,158
97823,159
97823,160
34925,161
34925,162
34925,163
34925,164
34925,165
34925,166
34925,167
34925,168
34925,169
34925,170
34925,171
34925,172
34925,173
34925,174
34925,1
34925,2
34925,3
34925,4
34925,5
34925,6
72689,1
72689,2
72689,3
72689,4
72689,5
72689,6
72689,7
72689,8
72689,9
72689,10
72689,11
72689,12
72689,13
72689,14
72689,15
72689,16
72689,17
72689,18
72689,19
72689,20
99345,1
99345,2
99345,3
99345,4
99345,5
99345,6
99345,7
99345,8
99345,9
99345,10
99345,11
99345,12
99345,13
99345,14
99345,15
99345,16
99345,17
99345,18
99345,19
99345,20
46273,21
46273,22
46273,23
46273,24
46273,25
46273,26
46273,27
46273,28
46273,29
46273,30
46273,31
46273,32
46273,33
46273,34
46273,35
46273,36
46273,37
46273,38
46273,39
46273,40
52512,41
52512,42
52512,43
52512,44
52512,45
52512,46
52512,47
52512,48
52512,49
52512,50
52512,51
52512,52
52512,53
52512,54
52512,55
52512,56
52512,57
52512,58
52512,59
52512,60
24660,61
24660,62
24660,63
24660,64
24660,65
24660,66
24660,67
24660,68
24660,69
24660,70
24660,71
24660,72
24660,73
24660,74
24660,75
24660,76
24660,77
24660,78
24660,79
24660,80
11393,81
11393,82
11393,83
11393,84
11393,85
11393,86
11393,87
11393,88
11393,89
11393,90
11393,91
11393,92
11393,93
11393,94
11393,95
11393,96
11393,97
11393,98
11393,99
11393,100
95566,101
95566,102
95566,103
95566,104
95566,105
95566,106
95566,107
95566,108
95566,109
95566,110
95566,111
95566,112
95566,113
95566,114
95566,115
95566,116
95566,117
95566,118
95566,119
95566,120
87348,121
87348,122
87348,123
87348,124
87348,125
87348,126
87348,127
87348,128
87348,129
87348,130
87348,131
87348,132
87348,133
87348,134
87348,135
87348,136
87348,137
87348,138
87348,139
87348,140
78046,141
78046,142
78046,143
78046,144
78046,145
78046,146
78046,147
78046,148
78046,149
78046,150
78046,151
78046,152
78046,153
78046,154
78046,155
78046,156
78046,157
78046,158
78046,159
78046,160
22852,161
22852,162
22852,163
22852,164
22852,165
22852,166
22852,167
22852,168
22852,169
22852,170
22852,171
22852,172
22852,173
22852,174
22852,1
22852,2
22852,3
22852,4
22852,5
22852,6
80761,1
80761,2
80761,3
80761,4
80761,5
80761,6
80761,7
80761,8
80761,9
80761,10
80761,11
80761,12
80761,13
80761,14
80761,15
80761,16
80761,17
80761,18
80761,19
80761,20
68627,1
68627,2
68627,3
68627,4
68627,5
68627,6
68627,7
68627,8
68627,9
68627,10
68627,11
68627,12
68627,13
68627,14
68627,15
68627,16
68627,17
68627,18
68627,19
68627,20
93207,21
93207,22
93207,23
93207,24
93207,25
93207,26
93207,27
93207,28
93207,29
93207,30
93207,31
93207,32
93207,33
93207,34
93207,35
93207,36
93207,37
93207,38
93207,39
93207,40
96030,41
96030,42
96030,43
96030,44
96030,45
96030,46
96030,47
96030,48
96030,49
96030,50
96030,51
96030,52
96030,53
96030,54
96030,55
96030,56
96030,57
96030,58
96030,59
96030,60
97113,61
97113,62
97113,63
97113,64
97113,65
97113,66
97113,67
97113,68
97113,69
97113,70
97113,71
97113,72
97113,73
97113,74
97113,75
97113,76
97113,77
97113,78
97113,79
97113,80
75258,81
75258,82
75258,83
75258,84
75258,85
75258,86
75258,87
75258,88
75258,89
75258,90
75258,91
75258,92
75258,93
75258,94
75258,95
75258,96
75258,97
75258,98
75258,99
75258,100
4944,101
4944,102
4944,103
4944,104
4944,105
4944,106
4944,107
4944,108
4944,109
4944,110
4944,111
4944,112
4944,113
4944,114
4944,115
4944,116
4944,117
4944,118
4944,119
4944,120
68309,121
68309,122
68309,123
68309,124
68309,125
68309,126
68309,127
68309,128
68309,129
68309,130
68309,131
68309,132
68309,133
68309,134
68309,135
68309,136
68309,137
68309,138
68309,139
68309,140
42399,141
42399,142
42399,143
42399,144
42399,145
42399,146
42399,147
42399,148
42399,149
42399,150
42399,151
42399,152
42399,153
42399,154
42399,155
42399,156
42399,157
42399,158
42399,159
42399,160
20665,161
20665,162
20665,163
20665,164
20665,165
20665,166
20665,167
20665,168
20665,169
20665,170
20665,171
20665,172
20665,173
20665,174
20665,1
20665,2
20665,3
20665,4
20665,5
20665,6
26177,1
26177,2
26177,3
26177,4
26177,5
26177,6
26177,7
26177,8
26177,9
26177,10
26177,11
26177,12
26177,13
26177,14
26177,15
26177,16
26177,17
26177,18
26177,19
26177,20
33210,1
33210,2
33210,3
33210,4
33210,5
33210,6
33210,7
33210,8
33210,9
33210,10
33210,11
33210,12
33210,13
33210,14
33210,15
33210,16
33210,17
33210,18
33210,19
33210,20
65614,21
65614,22
65614,23
65614,24
65614,25
65614,26
65614,27
65614,28
65614,29
65614,30
65614,31
65614,32
65614,33
65614,34
65614,35
65614,36
65614,37
65614,38
65614,39
65614,40
21709,41
21709,42
21709,43
21709,44
21709,45
21709,46
21709,47
21709,48
21709,49
21709,50
21709,51
21709,52
21709,53
21709,54
21709,55
21709,56
21709,57
21709,58
21709,59
21709,60
98605,61
98605,62
98605,63
98605,64
98605,65
98605,66
98605,67
98605,68
98605,69
98605,70
98605,71
98605,72
98605,73
98605,74
98605,75
98605,76
98605,77
98605,78
98605,79
98605,80
67233,81
67233,82
67233,83
67233,84
67233,85
67233,86
67233,87
67233,88
67233,89
67233,90
67233,91
67233,92
67233,93
67233,94
67233,95
67233,96
67233,97
67233,98
67233,99
67233,100
58673,101
58673,102
58673,103
58673,104
58673,105
58673,106
58673,107
58673,108
58673,109
58673,110
58673,111
58673,112
58673,113
58673,114
58673,115
58673,116
58673,117
58673,118
58673,119
58673,120
3375,121
3375,122
3375,123
3375,124
3375,125
3375,126
3375,127
3375,128
3375,129
3375,130
3375,131
3375,132
3375,133
3375,134
3375,135
3375,136
3375,137
3375,138
3375,139
3375,140
97132,141
97132,142
97132,143
97132,144
97132,145
97132,146
97132,147
97132,148
97132,149
97132,150
97132,151
97132,152
97132,153
97132,154
97132,155
97132,156
97132,157
97132,158
97132,159
97132,160
63670,161
63670,162
63670,163
63670,164
63670,165
63670,166
63670,167
63670,168
63670,169
63670,170
63670,171
63670,172
63670,173
63670,174
63670,1
63670,2
63670,3
63670,4
63670,5
63670,6
16466,1
16466,2
16466,3
16466,4
16466,5
16466,6
16466,7
16466,8
16466,9
16466,10
16466,11
16466,12
16466,13
16466,14
16466,15
16466,16
16466,17
16466,18
16466,19
16466,20
71366,1
71366,2
71366,3
71366,4
71366,5
71366,6
71366,7
71366,8
71366,9
71366,10
71366,11
71366,12
71366,13
71366,14
71366,15
71366,16
71366,17
71366,18
71366,19
71366,20
87863,21
87863,22
87863,23
87863,24
87863,25
87863,26
87863,27
87863,28
87863,29
87863,30
87863,31
87863,32
87863,33
87863,34
87863,35
87863,36
87863,37
87863,38
87863,39
87863,40
48460,41
48460,42
48460,43
48460,44
48460,45
48460,46
48460,47
48460,48
48460,49
48460,50
48460,51
48460,52
48460,53
48460,54
48460,55
48460,56
48460,57
48460,58
48460,59
48460,60
88497,61
88497,62
88497,63
88497,64
88497,65
88497,66
88497,67
88497,68
88497,69
88497,70
88497,71
88497,72
88497,73
88497,74
88497,75
88497,76
88497,77
88497,78
88497,79
88497,80
22674,81
22674,82
22674,83
22674,84
22674,85
22674,86
22674,87
22674,88
22674,89
22674,90
22674,91
22674,92
22674,93
22674,94
22674,95
22674,96
22674,97
22674,98
22674,99
22674,100
35812,101
35812,102
35812,103
35812,104
35812,105
35812,106
35812,107
35812,108
35812,109
35812,110
35812,111
35812,112
35812,113
35812,114
35812,115
35812,116
35812,117
35812,118
35812,119
35812,120
26767,121
26767,122
26767,123
26767,124
26767,125
26767,126
26767,127
26767,128
26767,129
26767,130
26767,131
26767,132
26767,133
26767,134
26767,135
26767,136
26767,137
26767,138
26767,139
26767,140
34616,141
34616,142
34616,143
34616,144
34616,145
34616,146
34616,147
34616,148
34616,149
34616,150
34616,151
34616,152
34616,153
34616,154
34616,155
34616,156
34616,157
34616,158
34616,159
34616,160
51498,161
51498,162
51498,163
51498,164
51498,165
51498,166
51498,167
51498,168
51498,169
51498,170
51498,171
51498,172
51498,173
51498,174
51498,1
51498,2
51498,3
51498,4
51498,5
51498,6
48805,1
48805,2
48805,3
48805,4
48805,5
48805,6
48805,7
48805,8
48805,9
48805,10
48805,11
48805,12
48805,13
48805,14
48805,15
48805,16
48805,17
48805,18
48805,19
48805,20
52370,1
52370,2
52370,3
52370,4
52370,5
52370,6
52370,7
52370,8
52370,9
52370,10
52370,11
52370,12
52370,13
52370,14
52370,15
52370,16
52370,17
52370,18
52370,19
52370,20
12458,21
12458,22
12458,23
12458,24
12458,25
12458,26
12458,27
12458,28
12458,29
12458,30
12458,31
12458,32
12458,33
12458,34
12458,35
12458,36
12458,37
12458,38
12458,39
12458,40
60547,41
60547,42
60547,43
60547,44
60547,45
60547,46
60547,47
60547,48
60547,49
60547,50
60547,51
60547,52
60547,53
60547,54
60547,55
60547,56
60547,57
60547,58
60547,59
60547,60
6728,61
6728,62
6728,63
6728,64
6728,65
6728,66
6728,67
6728,68
6728,69
6728,70
6728,71
6728,72
6728,73
6728,74
6728,75
6728,76
6728,77
6728,78
6728,79
6728,80
30650,81
30650,82
30650,83
30650,84
30650,85
30650,86
30650,87
30650,88
30650,89
30650,90
30650,91
30650,92
30650,93
30650,94
30650,95
30650,96
30650,97
30650,98
30650,99
30650,100
37694,101
37694,102
37694,103
37694,104
37694,105
37694,106
37694,107
37694,108
37694,109
37694,110
37694,111
37694,112
37694,113
37694,114
37694,115
37694,116
37694,117
37694,118
37694,119
37694,120
7314,121
7314,122
7314,123
7314,124
7314,125
7314,126
7314,127
7314,128
7314,129
7314,130
7314,131
7314,132
7314,133
7314,134
7314,135
7314,136
7314,137
7314,138
7314,139
7314,140
23347,141
23347,142
23347,143
23347,144
23347,145
23347,146
23347,147
23347,148
23347,149
23347,150
23347,151
23347,152
23347,153
23347,154
23347,155
23347,156
23347,157
23347,158
23347,159
23347,160
52351,161
52351,162
52351,163
52351,164
52351,165
52351,166
52351,167
52351,168
52351,169
52351,170
52351,171
52351,172
52351,173
52351,174
52351,1
52351,2
52351,3
52351,4
52351,5
52351,6
77534,1
77534,2
77534,3
77534,4
77534,5
77534,6
77534,7
77534,8
77534,9
77534,10
77534,11
77534,12
77534,13
77534,14
77534,15
77534,16
77534,17
77534,18
77534,19
77534,20
93624,1
93624,2
93624,3
93624,4
93624,5
93624,6
93624,7
93624,8
93624,9
93624,10
93624,11
93624,12
93624,13
93624,14
93624,15
93624,16
93624,17
93624,18
93624,19
93624,20
95711,21
95711,22
95711,23
95711,24
95711,25
95711,26
95711,27
95711,28
95711,29
95711,30
95711,31
95711,32
95711,33
95711,34
95711,35
95711,36
95711,37
95711,38
95711,39
95711,40
93195,41
93195,42
93195,43
93195,44
93195,45
93195,46
93195,47
93195,48
93195,49
93195,50
93195,51
93195,52
93195,53
93195,54
93195,55
93195,56
93195,57
93195,58
93195,59
93195,60
60312,61
60312,62
60312,63
60312,64
60312,65
60312,66
60312,67
60312,68
60312,69
60312,70
60312,71
60312,72
60312,73
60312,74
60312,75
60312,76
60312,77
60312,78
60312,79
60312,80
38312,81
38312,82
38312,83
38312,84
38312,85
38312,86
38312,87
38312,88
38312,89
38312,90
38312,91
38312,92
38312,93
38312,94
38312,95
38312,96
38312,97
38312,98
38312,99
38312,100
35317,101
35317,102
35317,103
35317,104
35317,105
35317,106
35317,107
35317,108
35317,109
35317,110
35317,111
35317,112
35317,113
35317,114
35317,115
35317,116
35317,117
35317,118
35317,119
35317,120
63999,121
63999,122
63999,123
63999,124
63999,125
63999,126
63999,127
63999,128
63999,129
63999,130
63999,131
63999,132
63999,133
63999,134
63999,135
63999,136
63999,137
63999,138
63999,139
63999,140
5733,141
5733,142
5733,143
5733,144
5733,145
5733,146
5733,147
5733,148
5733,149
5733,150
5733,151
5733,152
5733,153
5733,154
5733,155
5733,156
5733,157
5733,158
5733,159
5733,160
1523,161
1523,162
1523,163
1523,164
1523,165
1523,166
1523,167
1523,168
1523,169
1523,170
1523,171
1523,172
1523,173
1523,174
1523,1
1523,2
1523,3
1523,4
1523,5
1523,6
37646,1
37646,2
37646,3
37646,4
37646,5
37646,6
37646,7
37646,8
37646,9
37646,10
37646,11
37646,12
37646,13
37646,14
37646,15
37646,16
37646,17
37646,18
37646,19
37646,20
84598,1
84598,2
84598,3
84598,4
84598,5
84598,6
84598,7
84598,8
84598,9
84598,10
84598,11
84598,12
84598,13
84598,14
84598,15
84598,16
84598,17
84598,18
84598,19
84598,20
83107,21
83107,22
83107,23
83107,24
83107,25
83107,26
83107,27
83107,28
83107,29
83107,30
83107,31
83107,32
83107,33
83107,34
83107,35
83107,36
83107,37
83107,38
83107,39
83107,40
77893,41
77893,42
77893,43
77893,44
77893,45
77893,46
77893,47
77893,48
77893,49
77893,50
77893,51
77893,52
77893,53
77893,54
77893,55
77893,56
77893,57
77893,58
77893,59
77893,60
46513,61
46513,62
46513,63
46513,64
46513,65
46513,66
46513,67
46513,68
46513,69
46513,70
46513,71
46513,72
46513,73
46513,74
46513,75
46513,76
46513,77
46513,78
46513,79
46513,80
46657,81
46657,82
46657,83
46657,84
46657,85
46657,86
46657,87
46657,88
46657,89
46657,90
46657,91
46657,92
46657,93
46657,94
46657,95
46657,96
46657,97
46657,98
46657,99
46657,100
22958,101
22958,102
22958,103
22958,104
22958,105
22958,106
22958,107
22958,108
22958,109
22958,110
22958,111
22958,112
22958,113
22958,114
22958,115
22958,116
22958,117
22958,118
22958,119
22958,120
80862,121
80862,122
80862,123
80862,124
80862,125
80862,126
80862,127
80862,128
80862,129
80862,130
80862,131
80862,132
80862,133
80862,134
80862,135
80862,136
80862,137
80862,138
80862,139
80862,140
40526,141
40526,142
40526,143
40526,144
40526,145
40526,146
40526,147
40526,148
40526,149
40526,150
40526,151
40526,152
40526,153
40526,154
40526,155
40526,156
40526,157
40526,158
40526,159
40526,160
56034,161
56034,162
56034,163
56034,164
56034,165
56034,166
56034,167
56034,168
56034,169
56034,170
56034,171
56034,172
56034,173
56034,174
56034,1
56034,2
56034,3
56034,4
56034,5
56034,6
40326,1
40326,2
40326,3
40326,4
40326,5
40326,6
40326,7
40326,8
40326,9
40326,10
40326,11
40326,12
40326,13
40326,14
40326,15
40326,16
40326,17
40326,18
40326,19
40326,20
40290,1
40290,2
40290,3
40290,4
40290,5
40290,6
40290,7
40290,8
40290,9
40290,10
40290,11
40290,12
40290,13
40290,14
40290,15
40290,16
40290,17
40290,18
40290,19
40290,20
99694,21
99694,22
99694,23
99694,24
99694,25
99694,26
99694,27
99694,28
99694,29
99694,30
99694,31
99694,32
99694,33
99694,34
99694,35
99694,36
99694,37
99694,38
99694,39
99694,40
84809,41
84809,42
84809,43
84809,44
84809,45
84809,46
84809,47
84809,48
84809,49
84809,50
84809,51
84809,52
84809,53
84809,54
84809,55
84809,56
84809,57
84809,58
84809,59
84809,60
63348,61
63348,62
63348,63
63348,64
63348,65
63348,66
63348,67
63348,68
63348,69
63348,70
63348,71
63348,72
63348,73
63348,74
63348,75
63348,76
63348,77
63348,78
63348,79
63348,80
71159,81
71159,82
71159,83
71159,84
71159,85
71159,86
71159,87
71159,88
71159,89
71159,90
71159,91
71159,92
71159,93
71159,94
71159,95
71159,96
71159,97
71159,98
71159,99
71159,100
96426,101
96426,102
96426,103
96426,104
96426,105
96426,106
96426,107
96426,108
96426,109
96426,110
96426,111
96426,112
96426,113
96426,114
96426,115
96426,116
96426,117
96426,118
96426,119
96426,120
84475,121
84475,122
84475,123
84475,124
84475,125
84475,126
84475,127
84475,128
84475,129
84475,130
84475,131
84475,132
84475,133
84475,134
84475,135
84475,136
84475,137
84475,138
84475,139
84475,140
92426,141
92426,142
92426,143
92426,144
92426,145
92426,146
92426,147
92426,148
92426,149
92426,150
92426,151
92426,152
92426,153
92426,154
92426,155
92426,156
92426,157
92426,158
92426,159
92426,160
15630,161
15630,162
15630,163
15630,164
15630,165
15630,166
15630,167
15630,168
15630,169
15630,170
15630,171
15630,172
15630,173
15630,174
15630,1
15630,2
15630,3
15630,4
15630,5
15630,6
87431,1
87431,2
87431,3
87431,4
87431,5
87431,6
87431,7
87431,8
87431,9
87431,10
87431,11
87431,12
87431,13
87431,14
87431,15
87431,16
87431,17
87431,18
87431,19
87431,20
30876,1
30876,2
30876,3
30876,4
30876,5
30876,6
30876,7
30876,8
30876,9
30876,10
30876,11
30876,12
30876,13
30876,14
30876,15
30876,16
30876,17
30876,18
30876,19
30876,20
86728,21
86728,22
86728,23
86728,24
86728,25
86728,26
86728,27
86728,28
86728,29
86728,30
86728,31
86728,32
86728,33
86728,34
86728,35
86728,36
86728,37
86728,38
86728,39
86728,40
28593,41
28593,42
28593,43
28593,44
28593,45
28593,46
28593,47
28593,48
28593,49
28593,50
28593,51
28593,52
28593,53
28593,54
28593,55
28593,56
28593,57
28593,58
28593,59
28593,60
92652,61
92652,62
92652,63
92652,64
92652,65
92652,66
92652,67
92652,68
92652,69
92652,70
92652,71
92652,72
92652,73
92652,74
92652,75
92652,76
92652,77
92652,78
92652,79
92652,80
79898,81
79898,82
79898,83
79898,84
79898,85
79898,86
79898,87
79898,88
79898,89
79898,90
79898,91
79898,92
79898,93
79898,94
79898,95
79898,96
79898,97
79898,98
79898,99
79898,100
48767,101
48767,102
48767,103
48767,104
48767,105
48767,106
48767,107
48767,108
48767,109
48767,110
48767,111
48767,112
48767,113
48767,114
48767,115
48767,116
48767,117
48767,118
48767,119
48767,120
37080,121
37080,122
37080,123
37080,124
37080,125
37080,126
37080,127
37080,128
37080,129
37080,130
37080,131
37080,132
37080,133
37080,134
37080,135
37080,136
37080,137
37080,138
37080,139
37080,140
41459,141
41459,142
41459,143
41459,144
41459,145
41459,146
41459,147
41459,148
41459,149
41459,150
41459,151
41459,152
41459,153
41459,154
41459,155
41459,156
41459,157
41459,158
41459,159
41459,160
19157,161
19157,162
19157,163
19157,164
19157,165
19157,166
19157,167
19157,168
19157,169
19157,170
19157,171
19157,172
19157,173
19157,174
19157,1
19157,2
19157,3
19157,4
19157,5
19157,6
94783,1
94783,2
94783,3
94783,4
94783,5
94783,6
94783,7
94783,8
94783,9
94783,10
94783,11
94783,12
94783,13
94783,14
94783,15
94783,16
94783,17
94783,18
94783,19
94783,20
46175,1
46175,2
46175,3
46175,4
46175,5
46175,6
46175,7
46175,8
46175,9
46175,10
46175,11
46175,12
46175,13
46175,14
46175,15
46175,16
46175,17
46175,18
46175,19
46175,20
61733,21
61733,22
61733,23
61733,24
61733,25
61733,26
61733,27
61733,28
61733,29
61733,30
61733,31
61733,32
61733,33
61733,34
61733,35
61733,36
61733,37
61733,38
61733,39
61733,40
17143,41
17143,42
17143,43
17143,44
17143,45
17143,46
17143,47
17143,48
17143,49
17143,50
17143,51
17143,52
17143,53
17143,54
17143,55
17143,56
17143,57
17143,58
17143,59
17143,60
86904,61
86904,62
86904,63
86904,64
86904,65
86904,66
86904,67
86904,68
86904,69
86904,70
86904,71
86904,72
86904,73
86904,74
86904,75
86904,76
86904,77
86904,78
86904,79
86904,80
46622,81
46622,82
46622,83
46622,84
46622,85
46622,86
46622,87
46622,88
46622,89
46622,90
46622,91
46622,92
46622,93
46622,94
46622,95
46622,96
46622,97
46622,98
46622,99
46622,100
67661,101
67661,102
67661,103
67661,104
67661,105
67661,106
67661,107
67661,108
67661,109
67661,110
67661,111
67661,112
67661,113
67661,114
67661,115
67661,116
67661,117
67661,118
67661,119
67661,120
49973,121
49973,122
49973,123
49973,124
49973,125
49973,126
49973,127
49973,128
49973,129
49973,130
49973,131
49973,132
49973,133
49973,134
49973,135
49973,136
49973,137
49973,138
49973,139
49973,140
69808,141
69808,142
69808,143
69808,144
69808,145
69808,146
69808,147
69808,148
69808,149
69808,150
69808,151
69808,152
69808,153
69808,154
69808,155
69808,156
69808,157
69808,158
69808,159
69808,160
18996,161
18996,162
18996,163
18996,164
18996,165
18996,166
18996,167
18996,168
18996,169
18996,170
18996,171
18996,172
18996,173
18996,174
18996,1
18996,2
18996,3
18996,4
18996,5
18996,6
21753,1
21753,2
21753,3
21753,4
21753,5
21753,6
21753,7
21753,8
21753,9
21753,10
21753,11
21753,12
21753,13
21753,14
21753,15
21753,16
21753,17
21753,18
21753,19
21753,20
96950,1
96950,2
96950,3
96950,4
96950,5
96950,6
96950,7
96950,8
96950,9
96950,10
96950,11
96950,12
96950,13
96950,14
96950,15
96950,16
96950,17
96950,18
96950,19
96950,20
48303,21
48303,22
48303,23
48303,24
48303,25
48303,26
48303,27
48303,28
48303,29
48303,30
48303,31
48303,32
48303,33
48303,34
48303,35
48303,36
48303,37
48303,38
48303,39
48303,40
64575,41
64575,42
64575,43
64575,44
64575,45
64575,46
64575,47
64575,48
64575,49
64575,50
64575,51
64575,52
64575,53
64575,54
64575,55
64575,56
64575,57
64575,58
64575,59
64575,60
6312,61
6312,62
6312,63
6312,64
6312,65
6312,66
6312,67
6312,68
6312,69
6312,70
6312,71
6312,72
6312,73
6312,74
6312,75
6312,76
6312,77
6312,78
6312,79
6312,80
44971,81
44971,82
44971,83
44971,84
44971,85
44971,86
44971,87
44971,88
44971,89
44971,90
44971,91
44971,92
44971,93
44971,94
44971,95
44971,96
44971,97
44971,98
44971,99
44971,100
35979,101
35979,102
35979,103
35979,104
35979,105
35979,106
35979,107
35979,108
35979,109
35979,110
35979,111
35979,112
35979,113
35979,114
35979,115
35979,116
35979,117
35979,118
35979,119
35979,120
46350,121
46350,122
46350,123
46350,124
46350,125
46350,126
46350,127
46350,128
46350,129
46350,130
46350,131
46350,132
46350,133
46350,134
46350,135
46350,136
46350,137
46350,138
46350,139
46350,140
55899,141
55899,142
55899,143
55899,144
55899,145
55899,146
55899,147
55899,148
55899,149
55899,150
55899,151
55899,152
55899,153
55899,154
55899,155
55899,156
55899,157
55899,158
55899,159
55899,160
42596,161
42596,162
42596,163
42596,164
42596,165
42596,166
42596,167
42596,168
42596,169
42596,170
42596,171
42596,172
42596,173
42596,174
42596,1
42596,2
42596,3
42596,4
42596,5
42596,6
60959,1
60959,2
60959,3
60959,4
60959,5
60959,6
60959,7
60959,8
60959,9
60959,10
60959,11
60959,12
60959,13
60959,14
60959,15
60959,16
60959,17
60959,18
60959,19
60959,20
72596,1
72596,2
72596,3
72596,4
72596,5
72596,6
72596,7
72596,8
72596,9
72596,10
72596,11
72596,12
72596,13
72596,14
72596,15
72596,16
72596,17
72596,18
72596,19
72596,20
10239,21
10239,22
10239,23
10239,24
10239,25
10239,26
10239,27
10239,28
10239,29
10239,30
10239,31
10239,32
10239,33
10239,34
10239,35
10239,36
10239,37
10239,38
10239,39
10239,40
93515,41
93515,42
93515,43
93515,44
93515,45
93515,46
93515,47
93515,48
93515,49
93515,50
93515,51
93515,52
93515,53
93515,54
93515,55
93515,56
93515,57
93515,58
93515,59
93515,60
97520,61
97520,62
97520,63
97520,64
97520,65
97520,66
97520,67
97520,68
97520,69
97520,70
97520,71
97520,72
97520,73
97520,74
97520,75
97520,76
97520,77
97520,78
97520,79
97520,80
83348,81
83348,82
83348,83
83348,84
83348,85
83348,86
83348,87
83348,88
83348,89
83348,90
83348,91
83348,92
83348,93
83348,94
83348,95
83348,96
83348,97
83348,98
83348,99
83348,100
58116,101
58116,102
58116,103
58116,104
58116,105
58116,106
58116,107
58116,108
58116,109
58116,110
58116,111
58116,112
58116,113
58116,114
58116,115
58116,116
58116,117
58116,118
58116,119
58116,120
47586,121
47586,122
47586,123
47586,124
47586,125
47586,126
47586,127
47586,128
47586,129
47586,130
47586,131
47586,132
47586,133
47586,134
47586,135
47586,136
47586,137
47586,138
47586,139
47586,140
14521,141
14521,142
14521,143
14521,144
14521,145
14521,146
14521,147
14521,148
14521,149
14521,150
14521,151
14521,152
14521,153
14521,154
14521,155
14521,156
14521,157
14521,158
14521,159
14521,160
65863,161
65863,162
65863,163
65863,164
65863,165
65863,166
65863,167
65863,168
65863,169
65863,170
65863,171
65863,172
65863,173
65863,174
65863,1
65863,2
65863,3
65863,4
65863,5
65863,6
52887,1
52887,2
52887,3
52887,4
52887,5
52887,6
52887,7
52887,8
52887,9
52887,10
52887,11
52887,12
52887,13
52887,14
52887,15
52887,16
52887,17
52887,18
52887,19
52887,20
42382,1
42382,2
42382,3
42382,4
42382,5
42382,6
42382,7
42382,8
42382,9
42382,10
42382,11
42382,12
42382,13
42382,14
42382,15
42382,16
42382,17
42382,18
42382,19
42382,20
23489,21
23489,22
23489,23
23489,24
23489,25
23489,26
23489,27
23489,28
23489,29
23489,30
23489,31
23489,32
23489,33
23489,34
23489,35
23489,36
23489,37
23489,38
23489,39
23489,40
42721,41
42721,42
42721,43
42721,44
42721,45
42721,46
42721,47
42721,48
42721,49
42721,50
42721,51
42721,52
42721,53
42721,54
42721,55
42721,56
42721,57
42721,58
42721,59
42721,60
74760,61
74760,62
74760,63
74760,64
74760,65
74760,66
74760,67
74760,68
74760,69
74760,70
74760,71
74760,72
74760,73
74760,74
74760,75
74760,76
74760,77
74760,78
74760,79
74760,80
35688,81
35688,82
35688,83
35688,84
35688,85
35688,86
35688,87
35688,88
35688,89
35688,90
35688,91
35688,92
35688,93
35688,94
35688,95
35688,96
35688,97
35688,98
35688,99
35688,100
95889,101
95889,102
95889,103
95889,104
95889,105
95889,106
95889,107
95889,108
95889,109
95889,110
95889,111
95889,112
95889,113
95889,114
95889,115
95889,116
95889,117
95889,118
95889,119
95889,120
84781,121
84781,122
84781,123
84781,124
84781,125
84781,126
84781,127
84781,128
84781,129
84781,130
84781,131
84781,132
84781,133
84781,134
84781,135
84781,136
84781,137
84781,138
84781,139
84781,140
75287,141
75287,142
75287,143
75287,144
75287,145
75287,146
75287,147
75287,148
75287,149
75287,150
75287,151
75287,152
75287,153
75287,154
75287,155
75287,156
75287,157
75287,158
75287,159
75287,160
33975,161
33975,162
33975,163
33975,164
33975,165
33975,166
33975,167
33975,168
33975,169
33975,170
33975,171
33975,172
33975,173
33975,174
33975,1
33975,2
33975,3
33975,4
33975,5
33975,6
81873,1
81873,2
81873,3
81873,4
81873,5
81873,6
81873,7
81873,8
81873,9
81873,10
81873,11
81873,12
81873,13
81873,14
81873,15
81873,16
81873,17
81873,18
81873,19
81873,20
12558,1
12558,2
12558,3
12558,4
12558,5
12558,6
12558,7
12558,8
12558,9
12558,10
12558,11
12558,12
12558,13
12558,14
12558,15
12558,16
12558,17
12558,18
12558,19
12558,20
77350,21
77350,22
77350,23
77350,24
77350,25
77350,26
77350,27
77350,28
77350,29
77350,30
77350,31
77350,32
77350,33
77350,34
77350,35
77350,36
77350,37
77350,38
77350,39
77350,40
47320,41
47320,42
47320,43
47320,44
47320,45
47320,46
47320,47
47320,48
47320,49
47320,50
47320,51
47320,52
47320,53
47320,54
47320,55
47320,56
47320,57
47320,58
47320,59
47320,60
2986,61
2986,62
2986,63
2986,64
2986,65
2986,66
2986,67
2986,68
2986,69
2986,70
2986,71
2986,72
2986,73
2986,74
2986,75
2986,76
2986,77
2986,78
2986,79
2986,80
38807,81
38807,82
38807,83
38807,84
38807,85
38807,86
38807,87
38807,88
38807,89
38807,90
38807,91
38807,92
38807,93
38807,94
38807,95
38807,96
38807,97
38807,98
38807,99
38807,100
85417,101
85417,102
85417,103
85417,104
85417,105
85417,106
85417,107
85417,108
85417,109
85417,110
85417,111
85417,112
85417,113
85417,114
85417,115
85417,116
85417,117
85417,118
85417,119
85417,120
16632,121
16632,122
16632,123
16632,124
16632,125
16632,126
16632,127
16632,128
16632,129
16632,130
16632,131
16632,132
16632,133
16632,134
16632,135
16632,136
16632,137
16632,138
16632,139
16632,140
96880,141
96880,142
96880,143
96880,144
96880,145
96880,146
96880,147
96880,148
96880,149
96880,150
96880,151
96880,152
96880,153
96880,154
96880,155
96880,156
96880,157
96880,158
96880,159
96880,160
31651,161
31651,162
31651,163
31651,164
31651,165
31651,166
31651,167
31651,168
31651,169
31651,170
31651,171
31651,172
31651,173
31651,174
31651,1
31651,2
31651,3
31651,4
31651,5
31651,6
7056,1
7056,2
7056,3
7056,4
7056,5
7056,6
7056,7
7056,8
7056,9
7056,10
7056,11
7056,12
7056,13
7056,14
7056,15
7056,16
7056,17
7056,18
7056,19
7056,20
76626,1
76626,2
76626,3
76626,4
76626,5
76626,6
76626,7
76626,8
76626,9
76626,10
76626,11
76626,12
76626,13
76626,14
76626,15
76626,16
76626,17
76626,18
76626,19
76626,20
66365,21
66365,22
66365,23
66365,24
66365,25
66365,26
66365,27
66365,28
66365,29
66365,30
66365,31
66365,32
66365,33
66365,34
66365,35
66365,36
66365,37
66365,38
66365,39
66365,40
3935,41
3935,42
3935,43
3935,44
3935,45
3935,46
3935,47
3935,48
3935,49
3935,50
3935,51
3935,52
3935,53
3935,54
3935,55
3935,56
3935,57
3935,58
3935,59
3935,60
2703,61
2703,62
2703,63
2703,64
2703,65
2703,66
2703,67
2703,68
2703,69
2703,70
2703,71
2703,72
2703,73
2703,74
2703,75
2703,76
2703,77
2703,78
2703,79
2703,80
32484,81
32484,82
32484,83
32484,84
32484,85
32484,86
32484,87
32484,88
32484,89
32484,90
32484,91
32484,92
32484,93
32484,94
32484,95
32484,96
32484,97
32484,98
32484,99
32484,100
60629,101
60629,102
60629,103
60629,104
60629,105
60629,106
60629,107
60629,108
60629,109
60629,110
60629,111
60629,112
60629,113
60629,114
60629,115
60629,116
60629,117
60629,118
60629,119
60629,120
27286,121
27286,122
27286,123
27286,124
27286,125
27286,126
27286,127
27286,128
27286,129
27286,130
27286,131
27286,132
27286,133
27286,134
27286,135
27286,136
27286,137
27286,138
27286,139
27286,140
25959,141
25959,142
25959,143
25959,144
25959,145
25959,146
25959,147
25959,148
25959,149
25959,150
25959,151
25959,152
25959,153
25959,154
25959,155
25959,156
25959,157
25959,158
25959,159
25959,160
50687,161
50687,162
50687,163
50687,164
50687,165
50687,166
50687,167
50687,168
50687,169
50687,170
50687,171
50687,172
50687,173
50687,174
50687,1
50687,2
50687,3
50687,4
50687,5
50687,6
22581,1
22581,2
22581,3
22581,4
22581,5
22581,6
22581,7
22581,8
22581,9
22581,10
22581,11
22581,12
22581,13
22581,14
22581,15
22581,16
22581,17
22581,18
22581,19
22581,20
30559,1
30559,2
30559,3
30559,4
30559,5
30559,6
30559,7
30559,8
30559,9
30559,10
30559,11
30559,12
30559,13
30559,14
30559,15
30559,16
30559,17
30559,18
30559,19
30559,20
75324,21
75324,22
75324,23
75324,24
75324,25
75324,26
75324,27
75324,28
75324,29
75324,30
75324,31
75324,32
75324,33
75324,34
75324,35
75324,36
75324,37
75324,38
75324,39
75324,40
63790,41
63790,42
63790,43
63790,44
63790,45
63790,46
63790,47
63790,48
63790,49
63790,50
63790,51
63790,52
63790,53
63790,54
63790,55
63790,56
63790,57
63790,58
63790,59
63790,60
67766,61
67766,62
67766,63
67766,64
67766,65
67766,66
67766,67
67766,68
67766,69
67766,70
67766,71
67766,72
67766,73
67766,74
67766,75
67766,76
67766,77
67766,78
67766,79
67766,80
69265,81
69265,82
69265,83
69265,84
69265,85
69265,86
69265,87
69265,88
69265,89
69265,90
69265,91
69265,92
69265,93
69265,94
69265,95
69265,96
69265,97
69265,98
69265,99
69265,100
77780,101
77780,102
77780,103
77780,104
77780,105
77780,106
77780,107
77780,108
77780,109
77780,110
77780,111
77780,112
77780,113
77780,114
77780,115
77780,116
77780,117
77780,118
77780,119
77780,120
86038,121
86038,122
86038,123
86038,124
86038,125
86038,126
86038,127
86038,128
86038,129
86038,130
86038,131
86038,132
86038,133
86038,134
86038,135
86038,136
86038,137
86038,138
86038,139
86038,140
92624,141
92624,142
92624,143
92624,144
92624,145
92624,146
92624,147
92624,148
92624,149
92624,150
92624,151
92624,152
92624,153
92624,154
92624,155
92624,156
92624,157
92624,158
92624,159
92624,160
18665,161
18665,162
18665,163
18665,164
18665,165
18665,166
18665,167
18665,168
18665,169
18665,170
18665,171
18665,172
18665,173
18665,174
18665,1
18665,2
18665,3
18665,4
18665,5
18665,6
32492,1
32492,2
32492,3
32492,4
32492,5
32492,6
32492,7
32492,8
32492,9
32492,10
32492,11
32492,12
32492,13
32492,14
32492,15
32492,16
32492,17
32492,18
32492,19
32492,20
25316,1
25316,2
25316,3
25316,4
25316,5
25316,6
25316,7
25316,8
25316,9
25316,10
25316,11
25316,12
25316,13
25316,14
25316,15
25316,16
25316,17
25316,18
25316,19
25316,20
37046,21
37046,22
37046,23
37046,24
37046,25
37046,26
37046,27
37046,28
37046,29
37046,30
37046,31
37046,32
37046,33
37046,34
37046,35
37046,36
37046,37
37046,38
37046,39
37046,40
15593,41
15593,42
15593,43
15593,44
15593,45
15593,46
15593,47
15593,48
15593,49
15593,50
15593,51
15593,52
15593,53
15593,54
15593,55
15593,56
15593,57
15593,58
15593,59
15593,60
67591,61
67591,62
67591,63
67591,64
67591,65
67591,66
67591,67
67591,68
67591,69
67591,70
67591,71
67591,72
67591,73
67591,74
67591,75
67591,76
67591,77
67591,78
67591,79
67591,80
54932,81
54932,82
54932,83
54932,84
54932,85
54932,86
54932,87
54932,88
54932,89
54932,90
54932,91
54932,92
54932,93
54932,94
54932,95
54932,96
54932,97
54932,98
54932,99
54932,100
89415,101
89415,102
89415,103
89415,104
89415,105
89415,106
89415,107
89415,108
89415,109
89415,110
89415,111
89415,112
89415,113
89415,114
89415,115
89415,116
89415,117
89415,118
89415,119
89415,120
14682,121
14682,122
14682,123
14682,124
14682,125
14682,126
14682,127
14682,128
14682,129
14682,130
14682,131
14682,132
14682,133
14682,134
14682,135
14682,136
14682,137
14682,138
14682,139
14682,140
52527,141
52527,142
52527,143
52527,144
52527,145
52527,146
52527,147
52527,148
52527,149
52527,150
52527,151
52527,152
52527,153
52527,154
52527,155
52527,156
52527,157
52527,158
52527,159
52527,160
59355,161
59355,162
59355,163
59355,164
59355,165
59355,166
59355,167
59355,168
59355,169
59355,170
59355,171
59355,172
59355,173
59355,174
59355,1
59355,2
59355,3
59355,4
59355,5
59355,6
25409,1
25409,2
25409,3
25409,4
25409,5
25409,6
25409,7
25409,8
25409,9
25409,10
25409,11
25409,12
25409,13
25409,14
25409,15
25409,16
25409,17
25409,18
25409,19
25409,20
32872,1
32872,2
32872,3
32872,4
32872,5
32872,6
32872,7
32872,8
32872,9
32872,10
32872,11
32872,12
32872,13
32872,14
32872,15
32872,16
32872,17
32872,18
32872,19
32872,20
73959,21
73959,22
73959,23
73959,24
73959,25
73959,26
73959,27
73959,28
73959,29
73959,30
73959,31
73959,32
73959,33
73959,34
73959,35
73959,36
73959,37
73959,38
73959,39
73959,40
41463,41
41463,42
41463,43
41463,44
41463,45
41463,46
41463,47
41463,48
41463,49
41463,50
41463,51
41463,52
41463,53
41463,54
41463,55
41463,56
41463,57
41463,58
41463,59
41463,60
40670,61
40670,62
40670,63
40670,64
40670,65
40670,66
40670,67
40670,68
40670,69
40670,70
40670,71
40670,72
40670,73
40670,74
40670,75
40670,76
40670,77
40670,78
40670,79
40670,80
89099,81
89099,82
89099,83
89099,84
89099,85
89099,86
89099,87
89099,88
89099,89
89099,90
89099,91
89099,92
89099,93
89099,94
89099,95
89099,96
89099,97
89099,98
89099,99
89099,100
42243,101
42243,102
42243,103
42243,104
42243,105
42243,106
42243,107
42243,108
42243,109
42243,110
42243,111
42243,112
42243,113
42243,114
42243,115
42243,116
42243,117
42243,118
42243,119
42243,120
24223,121
24223,122
24223,123
24223,124
24223,125
24223,126
24223,127
24223,128
24223,129
24223,130
24223,131
24223,132
24223,133
24223,134
24223,135
24223,136
24223,137
24223,138
24223,139
24223,140
25504,141
25504,142
25504,143
25504,144
25504,145
25504,146
25504,147
25504,148
25504,149
25504,150
25504,151
25504,152
25504,153
25504,154
25504,155
25504,156
25504,157
25504,158
25504,159
25504,160
52975,161
52975,162
52975,163
52975,164
52975,165
52975,166
52975,167
52975,168
52975,169
52975,170
52975,171
52975,172
52975,173
52975,174
52975,1
52975,2
52975,3
52975,4
52975,5
52975,6
15615,1
15615,2
15615,3
15615,4
15615,5
15615,6
15615,7
15615,8
15615,9
15615,10
15615,11
15615,12
15615,13
15615,14
15615,15
15615,16
15615,17
15615,18
15615,19
15615,20
