-- phpMyAdmin SQL Dump
-- version 5.1.0
-- https://www.phpmyadmin.net/
--
-- Host: 127.0.0.1
-- Generation Time: Sep 16, 2021 at 02:41 PM
-- Server version: 10.4.18-MariaDB
-- PHP Version: 8.0.3

SET SQL_MODE = "NO_AUTO_VALUE_ON_ZERO";
START TRANSACTION;
SET time_zone = "+00:00";


/*!40101 SET @OLD_CHARACTER_SET_CLIENT=@@CHARACTER_SET_CLIENT */;
/*!40101 SET @OLD_CHARACTER_SET_RESULTS=@@CHARACTER_SET_RESULTS */;
/*!40101 SET @OLD_COLLATION_CONNECTION=@@COLLATION_CONNECTION */;
/*!40101 SET NAMES utf8mb4 */;

--
-- Database: `igraonica`
--
CREATE DATABASE IF NOT EXISTS `igraonica` DEFAULT CHARACTER SET utf8 COLLATE utf8_general_ci;
USE `igraonica`;

-- --------------------------------------------------------

--
-- Table structure for table `igra`
--

CREATE TABLE IF NOT EXISTS `igra` (
  `igrica_idigrica` int(11) NOT NULL,
  `igrac_idigrac` int(11) NOT NULL,
  `racunar_idracunara` int(11) NOT NULL,
  KEY `fk_igrica_has_igrac_igrac1_idx` (`igrac_idigrac`),
  KEY `fk_igrica_has_igrac_igrica1_idx` (`igrica_idigrica`),
  KEY `fk_igrica_has _racunar_racunar1_idx` (`racunar_idracunara`)
) ENGINE=InnoDB DEFAULT CHARSET=utf8;

--
-- Dumping data for table `igra`
--

INSERT INTO `igra` (`igrica_idigrica`, `igrac_idigrac`, `racunar_idracunara`) VALUES
(101, 1, 35979),
(105, 110098019, 35979),
(101, 1960564520, 35979),
(104, 268022175, 35979),
(81, 1, 44971),
(82, 9, 44971),
(62, 2, 6312),
(165, 4, 42596),
(82, 3, 44971),
(82, 3, 44971);

-- --------------------------------------------------------

--
-- Table structure for table `igrac`
--

CREATE TABLE IF NOT EXISTS `igrac` (
  `idigrac` int(11) NOT NULL,
  `ime` varchar(45) NOT NULL,
  `prezime` varchar(45) NOT NULL,
  `redovnost` enum('Dnevni posjetilac','Sedmični posjetilac','Mjesečni posjetilac','Rijetko') NOT NULL,
  `reg_broj_igraonica` int(11) NOT NULL,
  PRIMARY KEY (`idigrac`),
  KEY `reg_broj_igraonica` (`reg_broj_igraonica`)
) ENGINE=InnoDB DEFAULT CHARSET=utf8;

--
-- Dumping data for table `igrac`
--

INSERT INTO `igrac` (`idigrac`, `ime`, `prezime`, `redovnost`, `reg_broj_igraonica`) VALUES
(1, 'Dmitar ', 'Bogdanović', 'Dnevni posjetilac', 151528092),
(2, 'Mila', 'Matijević', 'Sedmični posjetilac', 151528092),
(3, 'Marijana', 'Kovac', 'Mjesečni posjetilac', 151528092),
(4, 'Jadranka', 'Đorđević', 'Dnevni posjetilac', 151528092),
(5, 'Miroslava', 'Stanković', 'Dnevni posjetilac', 151528092),
(6, 'Dositej', 'Petrović', 'Dnevni posjetilac', 151528092),
(7, 'Radomira', 'Tomčić', 'Dnevni posjetilac', 151528092),
(8, 'Rosa', 'Petrović', 'Sedmični posjetilac', 151528092),
(9, 'Ljubo', 'Marković', 'Sedmični posjetilac', 151528092),
(10, 'Stevo', 'Matijević', 'Sedmični posjetilac', 169182940),
(11, 'Ostoja', 'Pešanović', 'Sedmični posjetilac', 169182940),
(12, 'Jeronim', 'Sojević', 'Sedmični posjetilac', 169182940),
(13, 'Dabiživ', 'Janošević', 'Sedmični posjetilac', 169182940),
(14, 'Goran', 'Školopija', 'Sedmični posjetilac', 169182940),
(15, 'Uglješa', 'Kuručki', 'Sedmični posjetilac', 169182940),
(16, 'Bogoljub', 'Sarkanjac', 'Sedmični posjetilac', 169182940),
(17, 'Ranko', 'Vučinović', 'Sedmični posjetilac', 169182940),
(18, 'Vukman ', 'Glukčević', 'Sedmični posjetilac', 169182940),
(19, 'Jablan ', 'Lipovina', 'Sedmični posjetilac', 169182940),
(20, 'Jelenko ', 'Dučić', 'Mjesečni posjetilac', 169182940),
(21, 'Vojko ', 'Dvornić', 'Mjesečni posjetilac', 205700778),
(22, 'Zoran ', 'Šesto', 'Mjesečni posjetilac', 205700778),
(23, 'Dobrimir', 'Relja', 'Mjesečni posjetilac', 205700778),
(24, 'Genadije', 'Stevović', 'Mjesečni posjetilac', 205700778),
(25, 'Slavenko', 'Deurić', 'Mjesečni posjetilac', 205700778),
(26, 'Obren', 'Grozdanović', 'Mjesečni posjetilac', 205700778),
(27, 'Timotej', 'Brestovački', 'Mjesečni posjetilac', 205700778),
(28, 'Žitomir', 'Agatonović', 'Mjesečni posjetilac', 205700778),
(29, 'Slavimir ', 'Lapčić', 'Dnevni posjetilac', 205700778),
(30, 'Radisav', 'Sjeran', 'Dnevni posjetilac', 264616476),
(31, 'Mladen', 'Lizdek', 'Dnevni posjetilac', 264616476),
(32, 'Vraneš', 'Vulikić', 'Dnevni posjetilac', 264616476),
(33, 'Gojko', 'Franić', 'Mjesečni posjetilac', 264616476),
(34, 'Raden', 'Stoisavljević', 'Mjesečni posjetilac', 264616476),
(35, 'Dragislav', 'Čanović', 'Mjesečni posjetilac', 264616476),
(36, 'Đura', 'Malušev', 'Mjesečni posjetilac', 264616476),
(37, 'Miljenko', 'Šećković', 'Mjesečni posjetilac', 264616476),
(38, 'Rastko', 'Kosovčević', 'Mjesečni posjetilac', 264616476),
(39, 'Gajin', 'Loncović', 'Mjesečni posjetilac', 264616476),
(40, 'Jerotije', 'Malijević', 'Mjesečni posjetilac', 352334133),
(41, 'Budislav', 'Klještan', 'Mjesečni posjetilac', 352334133),
(42, 'Vitko', 'Poznanović', 'Mjesečni posjetilac', 352334133),
(43, 'Ratibor', 'Stojmenović', 'Mjesečni posjetilac', 352334133),
(44, 'Srbislav ', 'Pejčinović', 'Mjesečni posjetilac', 352334133),
(45, 'Rista ', 'Gićanov', 'Mjesečni posjetilac', 352334133),
(46, 'Đurašin', 'Šapić', 'Mjesečni posjetilac', 352334133),
(47, 'Radisav', 'Plavša', 'Mjesečni posjetilac', 352334133),
(48, 'Miren', 'Piroćanac', 'Mjesečni posjetilac', 352334133),
(49, 'Bogosav', 'Grkić', 'Mjesečni posjetilac', 352334133),
(50, 'Pelagije', 'Karađorđević', 'Mjesečni posjetilac', 352772045),
(51, 'Agaton', 'Keneški', 'Mjesečni posjetilac', 352772045),
(52, 'Jeronim', 'Ćukalović', 'Mjesečni posjetilac', 352772045),
(53, 'Stavro', 'Vojnović', 'Mjesečni posjetilac', 352772045),
(54, 'Miljenko', 'Šalipurević', 'Mjesečni posjetilac', 352772045),
(55, 'Dositej', 'Džinić', 'Mjesečni posjetilac', 352772045),
(56, 'Radoje', 'Đurković', 'Mjesečni posjetilac', 352772045),
(57, 'Aksentije', 'Golemović', 'Mjesečni posjetilac', 352772045),
(58, 'Nasto', 'Goločevac', 'Mjesečni posjetilac', 352772045),
(59, 'Dragoman', 'Lambić', 'Mjesečni posjetilac', 352772045),
(60, 'Živadin', 'Keravica', 'Mjesečni posjetilac', 388246784),
(61, 'Boban', 'Bobot', 'Mjesečni posjetilac', 388246784),
(62, 'Balša', 'Buđevac', 'Mjesečni posjetilac', 388246784),
(63, 'Lazar', 'Klimović', 'Mjesečni posjetilac', 388246784),
(64, 'Ranislav', 'Čeković', 'Mjesečni posjetilac', 388246784),
(65, 'Dobrivoje', 'Borota', 'Mjesečni posjetilac', 388246784),
(66, 'Duško', 'Avramov', 'Mjesečni posjetilac', 388246784),
(67, 'Ristivoj', 'Biljetina', 'Mjesečni posjetilac', 388246784),
(68, 'Kirjak', 'Prentović', 'Mjesečni posjetilac', 388246784),
(69, 'Ćirko ', 'Dačković', 'Mjesečni posjetilac', 388246784),
(70, 'Sergije', 'Nanović', 'Mjesečni posjetilac', 473920565),
(71, 'Vukas', 'Ćatović', 'Mjesečni posjetilac', 473920565),
(72, 'Dobrivoje', 'Stokanov', 'Mjesečni posjetilac', 473920565),
(73, 'Ivica', 'Biljetina', 'Mjesečni posjetilac', 473920565),
(74, 'Ćira', 'Malinić', 'Mjesečni posjetilac', 473920565),
(75, 'Akim', 'Kerković', 'Mjesečni posjetilac', 473920565),
(76, 'Dobromil', 'Miražić', 'Mjesečni posjetilac', 473920565),
(77, 'Slaven', 'Dukatarov', 'Mjesečni posjetilac', 473920565),
(78, 'Dragoja', 'Cimeša', 'Mjesečni posjetilac', 473920565),
(79, 'Đenadije', 'Ivaniš', 'Mjesečni posjetilac', 473920565),
(80, 'Dragoman', 'Korda', 'Mjesečni posjetilac', 580000563),
(81, 'Đurđe', 'Plavljanin', 'Mjesečni posjetilac', 580000563),
(82, 'Milan', 'Grabovičanović', 'Mjesečni posjetilac', 580000563),
(83, 'Matija', 'Rnić', 'Mjesečni posjetilac', 580000563),
(84, 'Krasimir', 'Čitaković', 'Sedmični posjetilac', 580000563),
(85, 'Obreten', 'Šegulj', 'Sedmični posjetilac', 580000563),
(86, 'Gvozden', 'Bokalović', 'Sedmični posjetilac', 580000563),
(87, 'Nikašin', 'Sopjanac', 'Sedmični posjetilac', 580000563),
(88, 'Vukalj', 'Vlaškalin', 'Sedmični posjetilac', 580000563),
(89, 'Radmir', 'Galonić', 'Sedmični posjetilac', 580000563),
(90, 'Negovan', 'Krnješevac', 'Sedmični posjetilac', 585988724),
(91, 'Jerotije', 'Guconić', 'Sedmični posjetilac', 585988724),
(92, 'Teofan', 'Urbanović', 'Sedmični posjetilac', 585988724),
(93, 'Ranislav', 'Smoljenović', 'Dnevni posjetilac', 585988724),
(94, 'Vlasta', 'Lazović', 'Dnevni posjetilac', 585988724),
(95, 'Pero', 'Mrkela', 'Dnevni posjetilac', 585988724),
(96, 'Dobriša', 'Mrkić', 'Dnevni posjetilac', 585988724),
(97, 'Svetlan', 'Jagodić', 'Dnevni posjetilac', 585988724),
(98, 'Vukalo', 'Maljoković', 'Dnevni posjetilac', 585988724),
(99, 'Golub', 'Bojanin', 'Dnevni posjetilac', 585988724),
(100, 'Gordan', 'Popadić', 'Dnevni posjetilac', 597169265),
(101, 'Leon', 'Ajduk', 'Dnevni posjetilac', 597169265),
(102, 'Simo', 'Bastajić', 'Dnevni posjetilac', 597169265),
(103, 'Vidoje', 'Grabović', 'Dnevni posjetilac', 597169265),
(104, 'Strašina', 'Aćin', 'Dnevni posjetilac', 597169265),
(105, 'Boriša', 'Vojčić ', 'Dnevni posjetilac', 597169265),
(106, 'Đurđevka', 'Zeljug', 'Dnevni posjetilac', 597169265),
(107, 'Spasa', 'Đurić', 'Dnevni posjetilac', 597169265),
(108, 'Andrijana', 'Misirača', 'Dnevni posjetilac', 597169265),
(109, 'Mirosava', 'Ankić', 'Dnevni posjetilac', 597169265),
(110, 'Regina', 'Nestorović', 'Dnevni posjetilac', 602268103),
(111, 'Georgina', 'Vlašković', 'Dnevni posjetilac', 602268103),
(112, 'Rusa', 'Lelović', 'Dnevni posjetilac', 602268103),
(113, 'Slavna', 'Janić', 'Dnevni posjetilac', 602268103),
(114, 'Georgina', 'Karan', 'Dnevni posjetilac', 602268103),
(115, 'Zlatica', 'Tekić', 'Dnevni posjetilac', 602268103),
(116, 'Mia', 'Pejušić', 'Mjesečni posjetilac', 602268103),
(117, 'Staša', 'Damjančević', 'Mjesečni posjetilac', 602268103),
(118, 'Veliborka', 'Vujadinović', 'Mjesečni posjetilac', 602268103),
(119, 'Marlena', 'Urbanović', 'Mjesečni posjetilac', 602268103),
(120, 'Darija', 'Broćić', 'Mjesečni posjetilac', 616537866),
(121, 'Radana', 'Misirača', 'Mjesečni posjetilac', 616537866),
(122, 'Aleksandra', 'Paunić', 'Mjesečni posjetilac', 616537866),
(123, 'Rajna', 'Sladić', 'Mjesečni posjetilac', 616537866),
(124, 'Luna', 'Kokar', 'Mjesečni posjetilac', 616537866),
(125, 'Vesna', 'Cicović', 'Mjesečni posjetilac', 616537866),
(126, 'Gospava', 'Trailović', 'Mjesečni posjetilac', 616537866),
(127, 'Vuksana', 'Paranos', 'Mjesečni posjetilac', 616537866),
(128, 'Nikolina', 'Sredojević', 'Mjesečni posjetilac', 616537866),
(129, 'Anita', 'Čobanović', 'Mjesečni posjetilac', 616537866),
(130, 'Vera', 'Tabakov', 'Mjesečni posjetilac', 649949451),
(131, 'Maja', 'Niketić', 'Mjesečni posjetilac', 649949451),
(132, 'Ognjanka', 'Mučibabić', 'Mjesečni posjetilac', 649949451),
(133, 'Trnjina', 'Porović', 'Mjesečni posjetilac', 649949451),
(134, 'Zvezdana', 'Nožinić', 'Mjesečni posjetilac', 649949451),
(135, 'Bratislava', 'Trlaković', 'Mjesečni posjetilac', 649949451),
(136, 'Trifuna', 'Sladaković', 'Mjesečni posjetilac', 649949451),
(137, 'Novka', 'Plećić', 'Mjesečni posjetilac', 649949451),
(138, 'Sandra', 'Pantović', 'Mjesečni posjetilac', 649949451),
(139, 'Bosa', 'Višanović', 'Mjesečni posjetilac', 649949451),
(140, 'Mirosava', 'Beljin', 'Mjesečni posjetilac', 776870164),
(141, 'Radmila', 'Skorupan', 'Sedmični posjetilac', 776870164),
(142, 'Gavrilka', 'Laketić', 'Sedmični posjetilac', 776870164),
(143, 'Marika', 'Reković', 'Sedmični posjetilac', 776870164),
(144, 'Ilinka', 'Dačević', 'Sedmični posjetilac', 776870164),
(145, 'Klara', 'Igić', 'Sedmični posjetilac', 776870164),
(146, 'Blaženka', 'Pećo', 'Sedmični posjetilac', 776870164),
(147, 'Nikolina', 'Klopanović', 'Sedmični posjetilac', 776870164),
(148, 'Košuta', 'Vladiković', 'Sedmični posjetilac', 776870164),
(149, 'Sara', 'Kljutić', 'Sedmični posjetilac', 776870164),
(150, 'Miranda', 'Bosiljčić', 'Sedmični posjetilac', 897063916),
(151, 'Ekaterina', 'Čukuranović', 'Sedmični posjetilac', 897063916),
(152, 'Dejana', 'Dupljanin', 'Sedmični posjetilac', 897063916),
(153, 'Tijana', 'Korica', 'Sedmični posjetilac', 897063916),
(154, 'Borjana', 'Marjanski', 'Sedmični posjetilac', 897063916),
(155, 'Rusa', 'Bogetić', 'Sedmični posjetilac', 897063916),
(156, 'Milosavka', 'Umjenović', 'Sedmični posjetilac', 897063916),
(157, 'Gorjana', 'Bošnjak', 'Sedmični posjetilac', 897063916),
(158, 'Amena', 'Smuđa', 'Sedmični posjetilac', 897063916),
(159, 'Željana', 'Danojević', 'Sedmični posjetilac', 897063916),
(160, 'Čarna', 'Gligorin', 'Sedmični posjetilac', 907399502),
(161, 'Damjana', 'Vojkanović', 'Sedmični posjetilac', 907399502),
(162, 'Blagina', 'Smiljkić', 'Sedmični posjetilac', 907399502),
(163, 'Pavlija', 'Dubočanin', 'Sedmični posjetilac', 907399502),
(164, 'Anastazija', 'Đogović', 'Sedmični posjetilac', 907399502),
(165, 'Valarija', 'Pendić', 'Sedmični posjetilac', 907399502),
(166, 'Romana', 'Progovac', 'Sedmični posjetilac', 907399502),
(167, 'Jelisava', 'Mošorinski', 'Sedmični posjetilac', 907399502),
(168, 'Mirka', 'Sunajac', 'Sedmični posjetilac', 907399502),
(169, 'Karmen', 'Cupara', 'Sedmični posjetilac', 907399502),
(170, 'Krstina', 'Vignjević', 'Sedmični posjetilac', 971027170),
(171, 'Maša', 'Ugrenović', 'Sedmični posjetilac', 971027170),
(172, 'Ikonija', 'Kljajić', 'Sedmični posjetilac', 971027170),
(173, 'Mina', 'Garčić', 'Sedmični posjetilac', 971027170),
(174, 'Zorislava', 'Ovčarov', 'Sedmični posjetilac', 971027170),
(175, 'Evgenija', 'Radmilović', 'Sedmični posjetilac', 971027170),
(176, 'Rada', 'Mirašević', 'Sedmični posjetilac', 971027170),
(177, 'Zvonka', 'Krnjajić', 'Sedmični posjetilac', 971027170),
(178, 'Silvija', 'Vukobradović', 'Sedmični posjetilac', 971027170),
(179, 'Silvana', 'Kurtešanin', 'Sedmični posjetilac', 971027170),
(180, 'Kristijana', 'Pejovac', 'Sedmični posjetilac', 976984843),
(181, 'Živadina', 'Stevilović', 'Sedmični posjetilac', 976984843),
(182, 'Žaklina', 'Vijatović', 'Sedmični posjetilac', 976984843),
(183, 'Dara', 'Šatarić', 'Sedmični posjetilac', 976984843),
(184, 'Zorana', 'Palurović', 'Sedmični posjetilac', 976984843),
(185, 'Zavida', 'Gadžić', 'Sedmični posjetilac', 976984843),
(186, 'Desislava', 'Koštunica', 'Sedmični posjetilac', 976984843),
(187, 'Nasta', 'Subanović', 'Sedmični posjetilac', 976984843),
(188, 'Malina', 'Ilijić', 'Sedmični posjetilac', 976984843),
(189, 'Njegomirka', 'Piličar', 'Sedmični posjetilac', 976984843),
(190, 'Bobana', 'Mikalački', 'Sedmični posjetilac', 976984843),
(191, 'Smiljka', 'Kobac', 'Sedmični posjetilac', 976984843),
(192, 'Svetlana', 'Kovanov', 'Mjesečni posjetilac', 976984843),
(193, 'Spomenka', 'Grdović', 'Mjesečni posjetilac', 976984843),
(194, 'Daria', 'Anastasijević', 'Mjesečni posjetilac', 976984843),
(195, 'Ognjenka', 'Lođinović', 'Mjesečni posjetilac', 976984843),
(196, 'Čarna', 'Aćić', 'Mjesečni posjetilac', 976984843),
(197, 'Živanka', 'Trifunović', 'Mjesečni posjetilac', 976984843),
(198, 'Pelagija', 'Slepčević', 'Mjesečni posjetilac', 976984843),
(199, 'Kosana', 'Dobricanović', 'Mjesečni posjetilac', 976984843),
(200, 'Valarija', 'Puhalo', 'Mjesečni posjetilac', 976984843),
(110098019, 'Stefan', 'Jokić', 'Mjesečni posjetilac', 169182940),
(268022175, 'Danijela', 'Milanović', 'Mjesečni posjetilac', 169182940),
(1960564520, 'Danijela', 'Milanovic', 'Mjesečni posjetilac', 169182940);

-- --------------------------------------------------------

--
-- Table structure for table `igraonica`
--

CREATE TABLE IF NOT EXISTS `igraonica` (
  `reg_broj` int(11) NOT NULL,
  `broj_ispostave` int(11) NOT NULL,
  `naziv` varchar(45) NOT NULL,
  `adresa` varchar(100) NOT NULL,
  `vlasnik` varchar(45) NOT NULL,
  `telefon` varchar(45) NOT NULL,
  `mjesto_ptt` int(11) NOT NULL,
  PRIMARY KEY (`reg_broj`),
  KEY `fk_igraonica_mjesto_ptt_idx` (`mjesto_ptt`)
) ENGINE=InnoDB DEFAULT CHARSET=utf8;

--
-- Dumping data for table `igraonica`
--

INSERT INTO `igraonica` (`reg_broj`, `broj_ispostave`, `naziv`, `adresa`, `vlasnik`, `telefon`, `mjesto_ptt`) VALUES
(151528092, 1, 'Game city ', 'Dučićeva BB', 'Aina Ičelić', '063/494-228', 73301),
(169182940, 1, 'Frendly fire', 'Crnjelovo BB', 'Ivan Petrović', '066 / 215-097', 76300),
(176485870, 2, 'Caffe cyber', 'Palih Boraca BB', 'Ana Momčilović', '066 / 111-438', 73240),
(205700778, 1, 'Game caffe 007', 'Rajlovačka 4', 'Dimitrije Lazić', '063/210-467', 71123),
(264616476, 2, 'All star ', 'Drinska BB', 'Filip Pavić', '066/222-244', 75420),
(352334133, 2, 'Matrix', 'Lamovita BB', 'Stefan Kosjerina', '066/771-096', 79101),
(352772045, 1, 'EsspressoLab', 'Vladimira Gačinovića BB', 'Dragan Milovanović', '065/236-791', 76300),
(388246784, 1, 'Dex', 'Moštanice BB', 'Dejan Petrović', '065 / 503-112', 75420),
(473920565, 1, 'Meeting point', '9. Januar 1 Dobrinja', 'Jovan Stević', '065/323-803', 71123),
(580000563, 1, 'Matrix', 'Orašje BB', 'Stefan Kosjerina', '066/771-096', 74101),
(585988724, 1, 'Kaffa', 'Karađorđeva BB', 'Milica Bojić', '065/237-795', 75400),
(597169265, 2, 'EsspressoLab', 'Bulevar Vojvode Stepe Stepanovića 161', 'Dragan Milovanović', '065/236-791', 78101),
(602268103, 1, 'Metropolis', 'Ugljevička Obrijež BB', 'Miomir Šarac', '066/772-447', 76330),
(616537866, 2, 'L side', 'Nikole Tešanovića 5 Dobrinja', 'Miroslav Stamenković', '065 / 970-650', 71123),
(649949451, 1, 'Mreža', 'Karakaj BB', 'Jovan Milošević', '065 / 838-347', 75400),
(776870164, 1, 'Anarchy', 'Popovo Polje BB', 'Goran Vidaković', '065 / 333-995', 76300),
(897063916, 1, 'All star ', 'Donje Police BB', 'Filip Pavić', '066/222-244', 89101),
(907399502, 1, 'L side', 'Dubovo BB', 'Miroslav Stamenković', '065 / 970-650', 73240),
(971027170, 3, 'All star ', 'Vuka Stefanovića Karadžića S2', 'Filip Pavić', '066/222-244', 75446),
(976984843, 1, 'Caffe cyber', 'Kapetana Leke 1', 'Mirjana Obradović', '065 / 661-098', 76330);

-- --------------------------------------------------------

--
-- Table structure for table `igrica`
--

CREATE TABLE IF NOT EXISTS `igrica` (
  `idigrica` int(11) NOT NULL,
  `naziv` varchar(100) NOT NULL,
  `slika` varchar(200) NOT NULL,
  `vrsta` varchar(45) NOT NULL,
  `igrivost` varchar(45) NOT NULL,
  PRIMARY KEY (`idigrica`)
) ENGINE=InnoDB DEFAULT CHARSET=utf8;

--
-- Dumping data for table `igrica`
--

INSERT INTO `igrica` (`idigrica`, `naziv`, `slika`, `vrsta`, `igrivost`) VALUES
(1, 'PlayerUnknown\'s Battlegrounds', 'Pubg.jpg', 'Pucačina, Bitka do poslednjeg', 'Multiplayer'),
(2, 'Minecraft', 'Minecraft.jpg', 'Sandbox, Preživljavanje', 'Singleplayer, Multiplayer'),
(3, 'Diablo III', 'DiabloIII.jpg', 'Akciona, Igranje uloga', 'Singleplayer, Multiplayer'),
(4, 'Garry\'s Mod', 'Garry\'sMod.jpg', 'Preživljavanje', 'Singleplayer, Multiplayer'),
(5, 'Terraria', 'terraria.jpg', 'Akciona, Avantura', 'Singleplayer, Multiplayer'),
(6, 'World of Warcraft', 'WoW.jpg', 'MMORPG', 'Multiplayer'),
(7, 'Half-Life 2', 'Half-Life_2.jpg', 'Pucačina iz prvog lica', 'Singleplayer '),
(8, 'The Witcher 3: Wild Hunt', 'Witcher-3-Wild-Hunt.jpg', 'Akciona, Igranje uloga', 'Singleplayer'),
(9, 'The Sims', 'Sims1.jpg', 'Simulacija zivota', 'Singleplayer'),
(10, 'StarCraft', 'StarCraft.jpg', 'Strategija u realnom vremenu', 'Multiplayer'),
(11, 'RollerCoaster Tycoon 3', 'RollerCoasterTaycoon3.jpg', 'Simulacija izgradnje i upravljanja', 'Singleplayer'),
(12, 'Fall Guys', 'FallGuys.jpg', 'Bitka do poslednjeg', 'Multiplayer'),
(13, 'Half-Life', 'Half-Life_1.jpg', 'Pucačina iz prvog lica', 'Singleplayer'),
(14, 'Rust', 'Rust.jpg', 'Preživljavanje', 'Multiplayer'),
(15, 'Civilization V', 'civilization-v.jpg', 'Potezna strategija, 4X', 'Singleplayer, Multiplayer'),
(16, 'The Sims 3', 'thesims3.jpg', 'Simulacija zivota', 'Singleplayer'),
(17, 'Euro Truck Simulator 2', 'euro-truck-simulator-2.jpg', 'Simulacija voznje', 'Multiplayer'),
(18, 'Myst', 'Mist.jpg', 'Avantura, puzle', 'Singleplayer'),
(19, 'The Sims 2', 'The_Sims_2.jpg', 'Simulacija zivota', 'Multiplayer'),
(20, 'Guild Wars', 'GuildWars.jpg', 'MMORPG', 'Multiplayer'),
(21, 'StarCraft II: Wings of Liberty', 'StarCraft2.jpg', 'Strategija u realnom vremenu', 'Multiplayer'),
(22, 'Valheim', 'valheim.jpg', 'Preživljavanje', 'Multiplayer'),
(23, 'Last Ninja 2', 'LastNinja2.jpg', 'Akciona, Avantura', 'Singleplayer'),
(24, 'ARMA 3', 'arma.jpg', 'Takticka Pucačina', 'Multiplayer'),
(25, 'SimCity 3000', 'SimCity3000.jpg', 'Gradjenje grada', 'Singleplayer'),
(26, 'Guild Wars 2', 'GuildWars2.jpg', 'MMORPG', 'Multiplayer'),
(27, 'Cities: Skylines', 'CitiesSkyline.jpg', 'Gradjenje grada', 'Singleplayer'),
(28, 'The Forest', 'Forest.jpg', 'Preživljavanje', 'Multiplayer'),
(29, 'Cyberpunk 2077', 'Cyberpunk_2077.jpg', 'Akciona, Igranje uloga', 'Singleplayer'),
(30, 'The Last Ninja', 'Ninja.jpg', 'Akciona, Avantura', 'Singleplayer'),
(31, 'Riven', 'Riven.jpg', 'Graficka avantura', 'Singleplayer'),
(32, 'Diablo II', 'DiabloII.jpg', 'Akciona, Igranje uloga', 'Singleplayer, Multiplayer'),
(33, 'DayZ', 'DayZ.jpg', 'Preživljavanje', 'Multiplayer'),
(34, 'Where in the World Is Carmen Sandiego?', 'WITWICS.jpg', 'Obrazovna', 'Singleplayer'),
(35, 'Populous', 'Populous.jpg', 'Igra bogova', 'Singleplayer, Multiplayer'),
(36, 'RollerCoaster Tycoon', 'RollerCoasterTaycoon.jpg', 'Simulacija građenja i upravljanja', 'Singleplayer'),
(37, 'Warhammer 40,000: Dawn of War (including expansions)', 'W40K-DOW.jpg', 'Strategija u realnom vremenu', 'Multiplayer'),
(38, 'Dark Souls', 'Dark_Souls.jpg', 'Akciona, Igranje uloga', 'Singleplayer, Multiplayer'),
(39, 'Dark Souls III', 'Dark_Souls3.jpg', 'Akciona, Igranje uloga', 'Multiplayer'),
(40, 'Theme Park', 'Theme_Park.jpg', 'Simulacija građenja i upravljanja', 'Singleplayer'),
(41, 'Command & Conquer', 'Command_&_Conquer.jpg', 'Strategija u realnom vremenu', 'Singleplayer, Multiplayer'),
(42, 'Command & Conquer 2: Red Alert ', 'CCRA.jpg', 'Strategija u realnom vremenu', 'Singleplayer, Multiplayer'),
(43, 'Age of Empires', 'Age_of_Empires.jpg', 'Strategija u realnom vremenu', 'Multiplayer'),
(44, 'EverQuest', 'EverQuest.jpg', 'MMORPG', 'Multiplayer'),
(45, 'Warcraft III: Reign of Chaos', 'WarcraftIII.jpg', 'Strategija u realnom vremenu', 'Multiplayer'),
(46, 'Doom 3', 'Doom_3.jpg', 'Pucačina iz prvog lica, Preživljavanje horror', 'Multiplayer'),
(47, 'Civilization IV', 'CivilizationIV.jpg', 'Potezna strategija, 4X', 'Multiplayer'),
(48, 'Crysis', 'Crysis.jpg', 'Pucačina iz prvog lica', 'Singleplayer, Multiplayer'),
(49, 'Life Is Strange', 'life-is-strange.jpg', 'Graficka avantura', 'Singleplayer'),
(50, 'Dark Souls II', 'Dark_Souls_II.jpg', 'Akciona, Igranje uloga', 'Multiplayer'),
(51, 'Lords of the Realm II', 'Lords_of_the_Realm_II.jpg', 'Potezna strategija', 'Multiplayer'),
(52, 'Caesar II', 'caesar-ii.jpg', 'Gradjenje grada game', 'Singleplayer'),
(53, 'Caesar III', 'caesar-iii.jpg', 'Gradjenje grada', 'Singleplayer '),
(54, 'Factorio', 'Factorio.jpg', 'Simulacija građenja i upravljanjam', 'Singleplayer, Multiplayer'),
(55, 'Final Fantasy VII', 'FFVII.jpg', 'Igranje uloga', 'Singleplayer'),
(56, 'Grand Theft Auto V', 'GTAV.jpg', 'Akciona, Avantura', 'Singleplayer, Multiplayer'),
(57, 'Doom', 'Doom.jpg', 'Pucačina iz prvog lica', 'Multiplayer'),
(58, 'Doom II: Hell on Earth', 'DOOM-II-Hell-on-Earth.jpg', 'Pucačina iz prvog lica', 'Multiplayer'),
(59, 'Warcraft II: Tides of Darkness', 'Warcraft-2-Tides-Of-Darkness.jpg', 'Strategija u realnom vremenu', 'Multiplayer'),
(60, 'Diablo', 'Diablo.jpg', 'Akciona, Igranje uloga', 'Singleplayer, Multiplayer'),
(61, 'POD', 'POD.jpg', 'Trke', 'Singleplayer'),
(62, 'Anno 1602', 'Anno_1602.jpg', 'Gradjenje grada', 'Singleplayer, Multiplayer'),
(63, 'Baldur\'s Gate', 'BGEE.jpg', 'Igranje uloga', 'Multiplayer'),
(64, 'Age of Empires II: The Age of Kings', 'age-of-empires-ii-the-age-of-kings.jpg', 'Strategija u realnom vremenu', 'Singleplayer, Multiplayer'),
(65, 'Baldur\'s Gate II: Shadows of Amn', 'Baldurs-Gate-II-Shadows-of-Amn.jpg', 'Igranje uloga', 'Multiplayer'),
(66, 'Black & White', 'Black_&_White.jpg', 'Igra bogova', 'Multiplayer'),
(67, 'Civilization III', 'Civilization_III.jpg', 'Potezna strategija, 4X', 'Singleplayer, Multiplayer'),
(68, 'Neverwinter Nights', 'Neverwinter_Nights.jpg', 'Igranje uloga', 'Singleplayer, Multiplayer'),
(69, 'Stronghold: Crusader', 'Stronghold-Crusader.jpg', 'Strategija u realnom vremenu', 'Singleplayer, Multiplayer'),
(70, 'Mafia: The City of Lost Heaven', 'mafia__the_city_of_lost_heaven.jpg', '3D Pucačina', 'Singleplayer'),
(71, 'Battlefield 1942', 'battlefield-1942.jpg', 'Pucačina iz prvog lica', 'Singleplayer, Multiplayer'),
(72, 'SimCity 4', 'SimCity_4.jpg', 'Građenje grada', 'Singleplayer'),
(73, 'Anno 1503', 'Anno_1503.jpg', 'Gradjenje grada', 'Singleplayer'),
(74, 'Counter-Strike: Condition Zero', 'CS.jpg', 'Pucačina iz prvog lica', 'Singleplayer, Multiplayer '),
(75, 'Far Cry', 'FarCry.jpg', 'Pucačina iz prvog lica', 'Singleplayer, Multiplayer'),
(76, 'Age of Empires III', 'Aoeiii.jpg', 'Strategija u realnom vremenu', 'Singleplayer, Multiplayer'),
(77, 'Magicka', 'Magicka.jpg', 'Akciona, Avantura', 'Multiplayer'),
(78, 'Counter-Strike: Source', 'Counter-Strike_Source.jpg', 'Pucačina iz prvog lica', 'Multiplayer'),
(79, 'Cossacks II: Napoleonic Wars', 'Cossacks_2.jpg', 'Strategija u realnom vremenu', 'Singleplayer, Multiplayer'),
(80, 'The Witcher', 'The_Witcher.jpg', 'Akciona, Igranje uloga', 'Singleplayer'),
(81, 'Spore', 'spore.jpg', 'Igra bogova', 'Singleplayer'),
(82, 'The Witcher 2: Assassins of Kings', 'the-witcher-2-assassins-of-kings.jpg', 'Akciona, Igranje uloga', 'Singleplayer'),
(83, 'The Binding of Isaac', 'the-binding-of-isaac.jpg', 'Akciona, Avantura', 'Singleplayer'),
(84, 'SimCity', 'SimCity.jpg', 'Građenje grada', 'Singleplayer, Multiplayer'),
(85, 'Space Engineers', 'SpaceEngineers.jpg', 'Simulacija', 'Singleplayer, Multiplayer'),
(86, '7 Days to Die', '7_Days_To_Die.jpg', 'Preživljavanje horror', 'Multiplayer'),
(87, 'Planet Coaster', 'planet-coaster.jpg', 'Simulacija građenja i upravljanja', 'Singleplayer'),
(88, 'Stickfight: The Game', 'stick-fight-the-game.jpg', 'Tuča', 'Multiplayer'),
(89, 'Metal Gear Solid V: The Phantom Pain', 'metal_gear_5.jpg', 'Akciona, Avantura', 'Multiplayer'),
(90, 'Sega Mega Drive and Genesis Classics', 'sega-mega-drive-and-genesis-classics.jpg', 'Kompilacija', 'Singleplayer, Multiplayer'),
(91, 'American Truck Simulator', 'American_Truck_Simulator_Steam.jpg', 'Simulacija voznje', 'Singleplayer, Multiplayer'),
(92, 'Stellaris', 'stellatis.jpg', 'RTS, 4X, Velika strategija', 'Singleplayer, Multiplayer'),
(93, 'Ultra Street Fighter IV', 'Ultra-street-fighter-IV.jpg', 'Tuča', 'Multiplayer'),
(94, 'Resident Evil 6', 'resident-evil-6.jpg', '3D Pucačina, Preživljavanje horror', 'Multiplayer'),
(95, 'Satisfactory', 'Satisfactory.jpg', 'Simulacija građenja i upravljanja', 'Multiplayer'),
(96, 'Resident Evil 4: Ultimate HD Edition', 'resident-evil-4.jpg', '3D Pucačina, Preživljavanje horror', 'Singleplayer'),
(97, 'Nier: Automata', 'Nier_Automata.jpg', 'Akciona, Igranje uloga', 'Singleplayer'),
(98, 'Machinarium', 'Machinarium.jpg', 'Grafička avantura, puzzle', 'Singleplayer'),
(99, 'Pac-Man Championship Edition DX+', 'Pac-man.jpg', 'Lavirint, Arkadna', 'Singleplayer'),
(100, 'Kingdom Come: Deliverance', 'kingdom-come-deliverance.jpg', 'Akciona, Igranje uloga game', 'Singleplayer'),
(101, 'Hydlide', 'Hydlide.jpg', 'Akciona, Igranje uloga', 'Singleplayer'),
(102, 'RoboCop', 'RoboCop.jpg', 'Akciona, run-and-gun', 'Singleplayer'),
(103, 'Return to Zork', 'Return_to_Zork.jpg', 'Avantura', 'Singleplayer'),
(104, 'Star Wars: Rebel Assault', 'Swrebel.jpg', 'Akciona', 'Singleplayer'),
(105, 'Wing Commander 3: Heart of the Tiger', 'Wc3.jpg', 'Simulacija svemirskog broda', 'Singleplayer'),
(106, 'Full Throttle', 'Full_Throttle.jpg', 'Avantura', 'Singleplayer'),
(107, 'Phantasmagoria', 'phantasmagoria.jpg', 'Interaktivni film', 'Singleplayer'),
(108, 'Daryl F. Gates\' Police Quest: SWAT', 'Daryl_F._Gates\'_Police_Quest_-_SWAT.jpg', 'Interaktivni film', 'Singleplayer'),
(109, 'Duke Nukem 3D', 'Duke_Nukem_3D.jpg', 'Pucačina iz prvog lica', 'Multiplayer'),
(110, 'Civilization II', 'civilization-II.jpg', 'Potezna strategija, 4X', 'Singleplayer, Multiplayer'),
(111, 'Quake', 'Quake1.jpg', '3D Pucačina', 'Multiplayer'),
(112, 'Grand Prix 2', 'Grand_Prix_2.jpg', 'Sim racing', 'Multiplayer'),
(113, 'Total Annihilation', 'Total annahilation.jpg', 'Strategija u realnom vremenu', 'Multiplayer'),
(114, 'Frogger', 'frogger.jpg', 'Akciona', 'Singleplayer'),
(115, 'Deer Hunter', 'Deer-Hunter.jpg', 'Sport', 'Singleplayer'),
(116, 'Blade Runner', 'blade-runner.jpg', 'Point-and-click igra', 'Singleplayer'),
(117, 'Quake II', 'Quake2.jpg', 'Pucačina iz prvog lica', 'Singleplayer, Multiplayer'),
(118, 'Unreal', 'unreal-gold.jpg', 'Pucačina iz prvog lica', 'Multiplayer'),
(119, 'Commandos: Behind Enemy Lines', 'commandos-behind-enemy-lines.jpg', 'Strategija u realnom vremenu', 'Singleplayer'),
(120, 'Railroad Tycoon II', 'Railroad_Tycoon_2.jpg', 'Simulacija građenja i upravljanja', 'Multiplayer'),
(121, 'Hidden & Dangerous', 'hidden-dangerous.jpg', 'Akciona', 'Singleplayer, Multiplayer'),
(122, 'Command & Conquer: Tiberian Sun', 'Cncts-win.jpg', 'Strategija u realnom vremenu', 'Singleplayer, Multiplayer'),
(123, 'Who Wants to Be a Millionaire?', 'Millionare.jpg', 'Kviz', 'Singleplayer'),
(124, 'Unreal Tournament', 'Unrealtournament.jpg', 'Pucačina iz prvog lica', 'Singleplayer, Multiplayer'),
(125, 'American McGee\'s Alice', 'AMA.jpg', 'Akciona, Avantura, Platformer', 'Singleplayer'),
(126, 'Command & Conquer: Red Alert', 'command-conquer-red-alert.jpg', 'Strategija u realnom vremenu', 'Multiplayer'),
(127, 'Tropico', 'tropico.jpg', 'Simulacija građenja i upravljanja', 'Multiplayer'),
(128, 'Operation Flashpoint: Cold War Crisis', 'operation-flashpoint-cold-war-crisis.jpg', 'Taktička pucačina', 'Singleplayer, Multiplayer'),
(129, 'Runaway: A Road Adventure', 'runaway-a-road-adventure.jpg', 'Avantura', 'Singleplayer'),
(130, 'Zoo Tycoon', 'zoo-tycoon.jpg', 'Poslovna simulacija', 'Singleplayer'),
(131, 'Stronghold', 'Stronghold.jpg', 'Strategija u realnom vremenu', 'Singleplayer, Multiplayer'),
(132, 'Empire Earth', 'empire-earth.jpg', 'Strategija u realnom vremenu', 'Singleplayer, Multiplayer'),
(133, 'Harry Potter and the Philosopher\'s Stone', 'Harry-Potter.jpg', 'Akciona, Avantura', 'Singleplayer'),
(134, 'Return to Castle Wolfenstein', 'Return_to_Castle_Wolfenstein.jpg', 'Pucačina iz prvog lica', 'Singleplayer, Multiplayer'),
(135, 'Dungeon Siege', 'dungeon-siege.jpg', 'Igranje uloga', 'Singleplayer, Multiplayer'),
(136, 'Hotel Giant', 'hotel-giant.jpg', 'Poslovna simulacija', 'Multiplayer'),
(137, 'Age of Mythology', 'Age_of_Mythology.jpg', 'Strategija u realnom vremenu', 'Singleplayer, Multiplayer'),
(138, 'Vietcong', 'Vietcong.jpg', 'Taktička pucačina', 'Singleplayer, Multiplayer'),
(139, 'Star Wars Galaxies', 'Star_Wars_Galaxies.jpg', 'MMORPG', 'Multiplayer'),
(140, 'The Legend of Sword and Fairy 3', 'The_Legend_of_Sword_and_Fairy_3.jpg', 'Igranje uloga', 'Singleplayer'),
(141, 'Hidden & Dangerous 2', 'Hidden-dangerous2.jpg', 'Akciona', 'Multiplayer'),
(142, 'Patrician III: Rise of the Hanse', 'Patrician_III_Rise_of_the_Hanse.jpg', 'Poslovna simulacija', 'Singleplayer'),
(143, 'Battlefield Vietnam', 'Battlefield_Vietnam.jpg', 'Pucačina iz prvog lica', 'Singleplayer, Multiplayer'),
(144, 'Sacred', 'sacred-gold.jpg', 'Akciona, Igranje uloga', 'Multiplayer'),
(145, 'Rome: Total War', 'rome-total-war.jpg', 'Strategija u realnom vremenu', 'Singleplayer, Multiplayer'),
(146, 'Psychonauts', 'Psychonauts.jpg', 'Platform', 'Singleplayer'),
(147, 'Dungeon Lords', 'dungeon-lords.jpg', 'Igranje uloga', 'Singleplayer, Multiplayer'),
(148, 'Imperivm: Great Battles of Rome', 'Imperivm_RTC_-_Great_Battles_of_Rome.jpg', 'Strategija u realnom vremenu', 'Singleplayer'),
(149, 'Glory of the Roman Empire', 'Glory_of_the_Roman_Empire.jpg', 'Gradjenje grada game', 'Singleplayer'),
(150, 'Microsoft Flight Simulator X', 'FSX.jpg', 'Simulacija pilotiranja', 'Multiplayer'),
(151, 'Supreme Commander', 'supreme-commander.jpg', 'Strategija u realnom vremenu', 'Singleplayer, Multiplayer'),
(152, 'Command & Conquer 3: Tiberium Wars', 'Cc3tw.jpg', 'Strategija u realnom vremenu', 'Singleplayer, Multiplayer'),
(153, 'BioShock', 'bioshock.jpg', 'Pucačina iz prvog lica', 'Singleplayer'),
(154, 'Crysis Warhead', 'crysis-warhead.jpg', 'Pucačina iz prvog lica', 'Singleplayer, Multiplayer'),
(155, 'Warhammer Online: Age of Reckoning', 'Warhammer-online-age-of-reckoning.jpg', 'MMORPG', 'Multiplayer'),
(156, 'Killing Floor', 'killing-floor.jpg', 'Pucačina iz prvog lica', 'Singleplayer, Multiplayer'),
(157, 'Resident Evil 5', 'Resident_Evil_5.jpg', '3D Pucačina, Preživljavanje horror', 'Multiplayer'),
(158, 'The Legend of Sword and Fairy 5', 'The-Legend-of-Sword-and-Fairy-5.jpg', 'Igranje uloga', 'Singleplayer'),
(159, 'Crusader Kings II', 'Crusader_Kings_II.jpg', 'Grand strategy', 'Singleplayer, Multiplayer'),
(160, 'Prison Architect', 'prison-architect.jpg', 'Simulacija građenja i upravljanja', 'Multiplayer'),
(161, 'StarCraft III: Heart of the Swarm', 'SC2_Heart_of_the_Swarm.jpg', 'Strategija u realnom vremenu', 'Multiplayer'),
(162, 'Europa Universalis IV', 'EuropaUniversalisIV.jpg', 'Velika strategija', 'Singleplayer, Multiplayer'),
(163, 'The Stanley Parable', 'Stanley_parable.jpg', 'Interaktivna fikcija', 'Singleplayer'),
(164, 'Just Survive', 'Just-survive.jpg', 'Preživljavanje', 'Multiplayer'),
(165, 'Ark: Survival Evolved', 'ark-survival-evolved.jpg', 'Akciona, Avantura, Preživljavanje', 'Multiplayer'),
(166, 'StarCraft II: Legacy of the Void', 'StarCraft_II_-_Legacy_of_the_Void.jpg', 'Strategija u realnom vremenu', 'Singleplayer, Multiplayer'),
(167, 'Stardew Valley', 'Stardew-Valley.jpg', 'Simulacija, Igranje uloga', 'Singleplayer, Multiplayer'),
(168, 'Hearts of Iron IV', 'hearts-of-iron-iv.jpg', 'Strategija u realnom vremenu, Velika strategi', 'Multiplayer'),
(169, 'Hollow Knight', 'hollow-knight.jpg', 'Akciona, Avantura', 'Singleplayer'),
(170, 'Divinity: Original Sin II', 'Divinity-Original-Sin-II.jpg', 'Igranje uloga', 'Multiplayer'),
(171, 'Cuphead', 'Cuphead.jpg', 'Run and gun', 'Singleplayer, Multiplayer'),
(172, 'Mordhau', 'Mordhau.jpg', 'Akciona', 'Multiplayer'),
(173, 'Crusader Kings III', 'Crusader_Kings_III.jpg', 'Velika strategija', 'Singleplayer, Multiplayer'),
(174, 'Call of Duty', 'Call_of_Duty.jpg', 'Pucačina iz prvog lica', 'Singleplayer');

-- --------------------------------------------------------

--
-- Table structure for table `instalirano`
--

CREATE TABLE IF NOT EXISTS `instalirano` (
  `racunar_broj_racunara` int(11) NOT NULL,
  `igrica_idigrica` int(11) NOT NULL,
  KEY `fk_racunar_has_igrica_igrica1_idx` (`igrica_idigrica`),
  KEY `fk_racunar_has_igrica_racunar1_idx` (`racunar_broj_racunara`)
) ENGINE=InnoDB DEFAULT CHARSET=utf8;

--
-- Dumping data for table `instalirano`
--

INSERT INTO `instalirano` (`racunar_broj_racunara`, `igrica_idigrica`) VALUES
(28085, 1),
(28085, 2),
(28085, 3),
(28085, 4),
(28085, 5),
(28085, 6),
(28085, 7),
(28085, 8),
(28085, 9),
(28085, 10),
(28085, 11),
(28085, 12),
(28085, 13),
(28085, 14),
(28085, 15),
(28085, 16),
(28085, 17),
(28085, 18),
(28085, 19),
(28085, 20),
(84062, 21),
(84062, 22),
(84062, 23),
(84062, 24),
(84062, 25),
(84062, 26),
(84062, 27),
(84062, 28),
(84062, 29),
(84062, 30),
(84062, 31),
(84062, 32),
(84062, 33),
(84062, 34),
(84062, 35),
(84062, 36),
(84062, 37),
(84062, 38),
(84062, 39),
(84062, 40),
(17053, 41),
(17053, 42),
(17053, 43),
(17053, 44),
(17053, 45),
(17053, 46),
(17053, 47),
(17053, 48),
(17053, 49),
(17053, 50),
(17053, 51),
(17053, 52),
(17053, 53),
(17053, 54),
(17053, 55),
(17053, 56),
(17053, 57),
(17053, 58),
(17053, 59),
(17053, 60),
(7922, 61),
(7922, 62),
(7922, 63),
(7922, 64),
(7922, 65),
(7922, 66),
(7922, 67),
(7922, 68),
(7922, 69),
(7922, 70),
(7922, 71),
(7922, 72),
(7922, 73),
(7922, 74),
(7922, 75),
(7922, 76),
(7922, 77),
(7922, 78),
(7922, 79),
(7922, 80),
(63545, 81),
(63545, 82),
(63545, 83),
(63545, 84),
(63545, 85),
(63545, 86),
(63545, 87),
(63545, 88),
(63545, 89),
(63545, 90),
(63545, 91),
(63545, 92),
(63545, 93),
(63545, 94),
(63545, 95),
(63545, 96),
(63545, 97),
(63545, 98),
(63545, 99),
(63545, 100),
(97088, 101),
(97088, 102),
(97088, 103),
(97088, 104),
(97088, 105),
(97088, 106),
(97088, 107),
(97088, 108),
(97088, 109),
(97088, 110),
(97088, 111),
(97088, 112),
(97088, 113),
(97088, 114),
(97088, 115),
(97088, 116),
(97088, 117),
(97088, 118),
(97088, 119),
(97088, 120),
(34207, 121),
(34207, 122),
(34207, 123),
(34207, 124),
(34207, 125),
(34207, 126),
(34207, 127),
(34207, 128),
(34207, 129),
(34207, 130),
(34207, 131),
(34207, 132),
(34207, 133),
(34207, 134),
(34207, 135),
(34207, 136),
(34207, 137),
(34207, 138),
(34207, 139),
(34207, 140),
(623, 141),
(623, 142),
(623, 143),
(623, 144),
(623, 145),
(623, 146),
(623, 147),
(623, 148),
(623, 149),
(623, 150),
(623, 151),
(623, 152),
(623, 153),
(623, 154),
(623, 155),
(623, 156),
(623, 157),
(623, 158),
(623, 159),
(623, 160),
(8301, 161),
(8301, 162),
(8301, 163),
(8301, 164),
(8301, 165),
(8301, 166),
(8301, 167),
(8301, 168),
(8301, 169),
(8301, 170),
(8301, 171),
(8301, 172),
(8301, 173),
(8301, 174),
(8301, 1),
(8301, 2),
(8301, 3),
(8301, 4),
(8301, 5),
(8301, 6),
(95832, 1),
(95832, 2),
(95832, 3),
(95832, 4),
(95832, 5),
(95832, 6),
(95832, 7),
(95832, 8),
(95832, 9),
(95832, 10),
(95832, 11),
(95832, 12),
(95832, 13),
(95832, 14),
(95832, 15),
(95832, 16),
(95832, 17),
(95832, 18),
(95832, 19),
(95832, 20),
(17976, 1),
(17976, 2),
(17976, 3),
(17976, 4),
(17976, 5),
(17976, 6),
(17976, 7),
(17976, 8),
(17976, 9),
(17976, 10),
(17976, 11),
(17976, 12),
(17976, 13),
(17976, 14),
(17976, 15),
(17976, 16),
(17976, 17),
(17976, 18),
(17976, 19),
(17976, 20),
(61108, 21),
(61108, 22),
(61108, 23),
(61108, 24),
(61108, 25),
(61108, 26),
(61108, 27),
(61108, 28),
(61108, 29),
(61108, 30),
(61108, 31),
(61108, 32),
(61108, 33),
(61108, 34),
(61108, 35),
(61108, 36),
(61108, 37),
(61108, 38),
(61108, 39),
(61108, 40),
(79150, 41),
(79150, 42),
(79150, 43),
(79150, 44),
(79150, 45),
(79150, 46),
(79150, 47),
(79150, 48),
(79150, 49),
(79150, 50),
(79150, 51),
(79150, 52),
(79150, 53),
(79150, 54),
(79150, 55),
(79150, 56),
(79150, 57),
(79150, 58),
(79150, 59),
(79150, 60),
(20982, 61),
(20982, 62),
(20982, 63),
(20982, 64),
(20982, 65),
(20982, 66),
(20982, 67),
(20982, 68),
(20982, 69),
(20982, 70),
(20982, 71),
(20982, 72),
(20982, 73),
(20982, 74),
(20982, 75),
(20982, 76),
(20982, 77),
(20982, 78),
(20982, 79),
(20982, 80),
(86211, 81),
(86211, 82),
(86211, 83),
(86211, 84),
(86211, 85),
(86211, 86),
(86211, 87),
(86211, 88),
(86211, 89),
(86211, 90),
(86211, 91),
(86211, 92),
(86211, 93),
(86211, 94),
(86211, 95),
(86211, 96),
(86211, 97),
(86211, 98),
(86211, 99),
(86211, 100),
(50657, 101),
(50657, 102),
(50657, 103),
(50657, 104),
(50657, 105),
(50657, 106),
(50657, 107),
(50657, 108),
(50657, 109),
(50657, 110),
(50657, 111),
(50657, 112),
(50657, 113),
(50657, 114),
(50657, 115),
(50657, 116),
(50657, 117),
(50657, 118),
(50657, 119),
(50657, 120),
(51955, 121),
(51955, 122),
(51955, 123),
(51955, 124),
(51955, 125),
(51955, 126),
(51955, 127),
(51955, 128),
(51955, 129),
(51955, 130),
(51955, 131),
(51955, 132),
(51955, 133),
(51955, 134),
(51955, 135),
(51955, 136),
(51955, 137),
(51955, 138),
(51955, 139),
(51955, 140),
(97823, 141),
(97823, 142),
(97823, 143),
(97823, 144),
(97823, 145),
(97823, 146),
(97823, 147),
(97823, 148),
(97823, 149),
(97823, 150),
(97823, 151),
(97823, 152),
(97823, 153),
(97823, 154),
(97823, 155),
(97823, 156),
(97823, 157),
(97823, 158),
(97823, 159),
(97823, 160),
(34925, 161),
(34925, 162),
(34925, 163),
(34925, 164),
(34925, 165),
(34925, 166),
(34925, 167),
(34925, 168),
(34925, 169),
(34925, 170),
(34925, 171),
(34925, 172),
(34925, 173),
(34925, 174),
(34925, 1),
(34925, 2),
(34925, 3),
(34925, 4),
(34925, 5),
(34925, 6),
(72689, 1),
(72689, 2),
(72689, 3),
(72689, 4),
(72689, 5),
(72689, 6),
(72689, 7),
(72689, 8),
(72689, 9),
(72689, 10),
(72689, 11),
(72689, 12),
(72689, 13),
(72689, 14),
(72689, 15),
(72689, 16),
(72689, 17),
(72689, 18),
(72689, 19),
(72689, 20),
(99345, 1),
(99345, 2),
(99345, 3),
(99345, 4),
(99345, 5),
(99345, 6),
(99345, 7),
(99345, 8),
(99345, 9),
(99345, 10),
(99345, 11),
(99345, 12),
(99345, 13),
(99345, 14),
(99345, 15),
(99345, 16),
(99345, 17),
(99345, 18),
(99345, 19),
(99345, 20),
(46273, 21),
(46273, 22),
(46273, 23),
(46273, 24),
(46273, 25),
(46273, 26),
(46273, 27),
(46273, 28),
(46273, 29),
(46273, 30),
(46273, 31),
(46273, 32),
(46273, 33),
(46273, 34),
(46273, 35),
(46273, 36),
(46273, 37),
(46273, 38),
(46273, 39),
(46273, 40),
(52512, 41),
(52512, 42),
(52512, 43),
(52512, 44),
(52512, 45),
(52512, 46),
(52512, 47),
(52512, 48),
(52512, 49),
(52512, 50),
(52512, 51),
(52512, 52),
(52512, 53),
(52512, 54),
(52512, 55),
(52512, 56),
(52512, 57),
(52512, 58),
(52512, 59),
(52512, 60),
(24660, 61),
(24660, 62),
(24660, 63),
(24660, 64),
(24660, 65),
(24660, 66),
(24660, 67),
(24660, 68),
(24660, 69),
(24660, 70),
(24660, 71),
(24660, 72),
(24660, 73),
(24660, 74),
(24660, 75),
(24660, 76),
(24660, 77),
(24660, 78),
(24660, 79),
(24660, 80),
(11393, 81),
(11393, 82),
(11393, 83),
(11393, 84),
(11393, 85),
(11393, 86),
(11393, 87),
(11393, 88),
(11393, 89),
(11393, 90),
(11393, 91),
(11393, 92),
(11393, 93),
(11393, 94),
(11393, 95),
(11393, 96),
(11393, 97),
(11393, 98),
(11393, 99),
(11393, 100),
(95566, 101),
(95566, 102),
(95566, 103),
(95566, 104),
(95566, 105),
(95566, 106),
(95566, 107),
(95566, 108),
(95566, 109),
(95566, 110),
(95566, 111),
(95566, 112),
(95566, 113),
(95566, 114),
(95566, 115),
(95566, 116),
(95566, 117),
(95566, 118),
(95566, 119),
(95566, 120),
(87348, 121),
(87348, 122),
(87348, 123),
(87348, 124),
(87348, 125),
(87348, 126),
(87348, 127),
(87348, 128),
(87348, 129),
(87348, 130),
(87348, 131),
(87348, 132),
(87348, 133),
(87348, 134),
(87348, 135),
(87348, 136),
(87348, 137),
(87348, 138),
(87348, 139),
(87348, 140),
(78046, 141),
(78046, 142),
(78046, 143),
(78046, 144),
(78046, 145),
(78046, 146),
(78046, 147),
(78046, 148),
(78046, 149),
(78046, 150),
(78046, 151),
(78046, 152),
(78046, 153),
(78046, 154),
(78046, 155),
(78046, 156),
(78046, 157),
(78046, 158),
(78046, 159),
(78046, 160),
(22852, 161),
(22852, 162),
(22852, 163),
(22852, 164),
(22852, 165),
(22852, 166),
(22852, 167),
(22852, 168),
(22852, 169),
(22852, 170),
(22852, 171),
(22852, 172),
(22852, 173),
(22852, 174),
(22852, 1),
(22852, 2),
(22852, 3),
(22852, 4),
(22852, 5),
(22852, 6),
(80761, 1),
(80761, 2),
(80761, 3),
(80761, 4),
(80761, 5),
(80761, 6),
(80761, 7),
(80761, 8),
(80761, 9),
(80761, 10),
(80761, 11),
(80761, 12),
(80761, 13),
(80761, 14),
(80761, 15),
(80761, 16),
(80761, 17),
(80761, 18),
(80761, 19),
(80761, 20),
(68627, 1),
(68627, 2),
(68627, 3),
(68627, 4),
(68627, 5),
(68627, 6),
(68627, 7),
(68627, 8),
(68627, 9),
(68627, 10),
(68627, 11),
(68627, 12),
(68627, 13),
(68627, 14),
(68627, 15),
(68627, 16),
(68627, 17),
(68627, 18),
(68627, 19),
(68627, 20),
(93207, 21),
(93207, 22),
(93207, 23),
(93207, 24),
(93207, 25),
(93207, 26),
(93207, 27),
(93207, 28),
(93207, 29),
(93207, 30),
(93207, 31),
(93207, 32),
(93207, 33),
(93207, 34),
(93207, 35),
(93207, 36),
(93207, 37),
(93207, 38),
(93207, 39),
(93207, 40),
(96030, 41),
(96030, 42),
(96030, 43),
(96030, 44),
(96030, 45),
(96030, 46),
(96030, 47),
(96030, 48),
(96030, 49),
(96030, 50),
(96030, 51),
(96030, 52),
(96030, 53),
(96030, 54),
(96030, 55),
(96030, 56),
(96030, 57),
(96030, 58),
(96030, 59),
(96030, 60),
(97113, 61),
(97113, 62),
(97113, 63),
(97113, 64),
(97113, 65),
(97113, 66),
(97113, 67),
(97113, 68),
(97113, 69),
(97113, 70),
(97113, 71),
(97113, 72),
(97113, 73),
(97113, 74),
(97113, 75),
(97113, 76),
(97113, 77),
(97113, 78),
(97113, 79),
(97113, 80),
(75258, 81),
(75258, 82),
(75258, 83),
(75258, 84),
(75258, 85),
(75258, 86),
(75258, 87),
(75258, 88),
(75258, 89),
(75258, 90),
(75258, 91),
(75258, 92),
(75258, 93),
(75258, 94),
(75258, 95),
(75258, 96),
(75258, 97),
(75258, 98),
(75258, 99),
(75258, 100),
(4944, 101),
(4944, 102),
(4944, 103),
(4944, 104),
(4944, 105),
(4944, 106),
(4944, 107),
(4944, 108),
(4944, 109),
(4944, 110),
(4944, 111),
(4944, 112),
(4944, 113),
(4944, 114),
(4944, 115),
(4944, 116),
(4944, 117),
(4944, 118),
(4944, 119),
(4944, 120),
(68309, 121),
(68309, 122),
(68309, 123),
(68309, 124),
(68309, 125),
(68309, 126),
(68309, 127),
(68309, 128),
(68309, 129),
(68309, 130),
(68309, 131),
(68309, 132),
(68309, 133),
(68309, 134),
(68309, 135),
(68309, 136),
(68309, 137),
(68309, 138),
(68309, 139),
(68309, 140),
(42399, 141),
(42399, 142),
(42399, 143),
(42399, 144),
(42399, 145),
(42399, 146),
(42399, 147),
(42399, 148),
(42399, 149),
(42399, 150),
(42399, 151),
(42399, 152),
(42399, 153),
(42399, 154),
(42399, 155),
(42399, 156),
(42399, 157),
(42399, 158),
(42399, 159),
(42399, 160),
(20665, 161),
(20665, 162),
(20665, 163),
(20665, 164),
(20665, 165),
(20665, 166),
(20665, 167),
(20665, 168),
(20665, 169),
(20665, 170),
(20665, 171),
(20665, 172),
(20665, 173),
(20665, 174),
(20665, 1),
(20665, 2),
(20665, 3),
(20665, 4),
(20665, 5),
(20665, 6),
(26177, 1),
(26177, 2),
(26177, 3),
(26177, 4),
(26177, 5),
(26177, 6),
(26177, 7),
(26177, 8),
(26177, 9),
(26177, 10),
(26177, 11),
(26177, 12),
(26177, 13),
(26177, 14),
(26177, 15),
(26177, 16),
(26177, 17),
(26177, 18),
(26177, 19),
(26177, 20),
(33210, 1),
(33210, 2),
(33210, 3),
(33210, 4),
(33210, 5),
(33210, 6),
(33210, 7),
(33210, 8),
(33210, 9),
(33210, 10),
(33210, 11),
(33210, 12),
(33210, 13),
(33210, 14),
(33210, 15),
(33210, 16),
(33210, 17),
(33210, 18),
(33210, 19),
(33210, 20),
(65614, 21),
(65614, 22),
(65614, 23),
(65614, 24),
(65614, 25),
(65614, 26),
(65614, 27),
(65614, 28),
(65614, 29),
(65614, 30),
(65614, 31),
(65614, 32),
(65614, 33),
(65614, 34),
(65614, 35),
(65614, 36),
(65614, 37),
(65614, 38),
(65614, 39),
(65614, 40),
(21709, 41),
(21709, 42),
(21709, 43),
(21709, 44),
(21709, 45),
(21709, 46),
(21709, 47),
(21709, 48),
(21709, 49),
(21709, 50),
(21709, 51),
(21709, 52),
(21709, 53),
(21709, 54),
(21709, 55),
(21709, 56),
(21709, 57),
(21709, 58),
(21709, 59),
(21709, 60),
(98605, 61),
(98605, 62),
(98605, 63),
(98605, 64),
(98605, 65),
(98605, 66),
(98605, 67),
(98605, 68),
(98605, 69),
(98605, 70),
(98605, 71),
(98605, 72),
(98605, 73),
(98605, 74),
(98605, 75),
(98605, 76),
(98605, 77),
(98605, 78),
(98605, 79),
(98605, 80),
(67233, 81),
(67233, 82),
(67233, 83),
(67233, 84),
(67233, 85),
(67233, 86),
(67233, 87),
(67233, 88),
(67233, 89),
(67233, 90),
(67233, 91),
(67233, 92),
(67233, 93),
(67233, 94),
(67233, 95),
(67233, 96),
(67233, 97),
(67233, 98),
(67233, 99),
(67233, 100),
(58673, 101),
(58673, 102),
(58673, 103),
(58673, 104),
(58673, 105),
(58673, 106),
(58673, 107),
(58673, 108),
(58673, 109),
(58673, 110),
(58673, 111),
(58673, 112),
(58673, 113),
(58673, 114),
(58673, 115),
(58673, 116),
(58673, 117),
(58673, 118),
(58673, 119),
(58673, 120),
(3375, 121),
(3375, 122),
(3375, 123),
(3375, 124),
(3375, 125),
(3375, 126),
(3375, 127),
(3375, 128),
(3375, 129),
(3375, 130),
(3375, 131),
(3375, 132),
(3375, 133),
(3375, 134),
(3375, 135),
(3375, 136),
(3375, 137),
(3375, 138),
(3375, 139),
(3375, 140),
(97132, 141),
(97132, 142),
(97132, 143),
(97132, 144),
(97132, 145),
(97132, 146),
(97132, 147),
(97132, 148),
(97132, 149),
(97132, 150),
(97132, 151),
(97132, 152),
(97132, 153),
(97132, 154),
(97132, 155),
(97132, 156),
(97132, 157),
(97132, 158),
(97132, 159),
(97132, 160),
(63670, 161),
(63670, 162),
(63670, 163),
(63670, 164),
(63670, 165),
(63670, 166),
(63670, 167),
(63670, 168),
(63670, 169),
(63670, 170),
(63670, 171),
(63670, 172),
(63670, 173),
(63670, 174),
(63670, 1),
(63670, 2),
(63670, 3),
(63670, 4),
(63670, 5),
(63670, 6),
(16466, 1),
(16466, 2),
(16466, 3),
(16466, 4),
(16466, 5),
(16466, 6),
(16466, 7),
(16466, 8),
(16466, 9),
(16466, 10),
(16466, 11),
(16466, 12),
(16466, 13),
(16466, 14),
(16466, 15),
(16466, 16),
(16466, 17),
(16466, 18),
(16466, 19),
(16466, 20),
(71366, 1),
(71366, 2),
(71366, 3),
(71366, 4),
(71366, 5),
(71366, 6),
(71366, 7),
(71366, 8),
(71366, 9),
(71366, 10),
(71366, 11),
(71366, 12),
(71366, 13),
(71366, 14),
(71366, 15),
(71366, 16),
(71366, 17),
(71366, 18),
(71366, 19),
(71366, 20),
(87863, 21),
(87863, 22),
(87863, 23),
(87863, 24),
(87863, 25),
(87863, 26),
(87863, 27),
(87863, 28),
(87863, 29),
(87863, 30),
(87863, 31),
(87863, 32),
(87863, 33),
(87863, 34),
(87863, 35),
(87863, 36),
(87863, 37),
(87863, 38),
(87863, 39),
(87863, 40),
(48460, 41),
(48460, 42),
(48460, 43),
(48460, 44),
(48460, 45),
(48460, 46),
(48460, 47),
(48460, 48),
(48460, 49),
(48460, 50),
(48460, 51),
(48460, 52),
(48460, 53),
(48460, 54),
(48460, 55),
(48460, 56),
(48460, 57),
(48460, 58),
(48460, 59),
(48460, 60),
(88497, 61),
(88497, 62),
(88497, 63),
(88497, 64),
(88497, 65),
(88497, 66),
(88497, 67),
(88497, 68),
(88497, 69),
(88497, 70),
(88497, 71),
(88497, 72),
(88497, 73),
(88497, 74),
(88497, 75),
(88497, 76),
(88497, 77),
(88497, 78),
(88497, 79),
(88497, 80),
(22674, 81),
(22674, 82),
(22674, 83),
(22674, 84),
(22674, 85),
(22674, 86),
(22674, 87),
(22674, 88),
(22674, 89),
(22674, 90),
(22674, 91),
(22674, 92),
(22674, 93),
(22674, 94),
(22674, 95),
(22674, 96),
(22674, 97),
(22674, 98),
(22674, 99),
(22674, 100),
(35812, 101),
(35812, 102),
(35812, 103),
(35812, 104),
(35812, 105),
(35812, 106),
(35812, 107),
(35812, 108),
(35812, 109),
(35812, 110),
(35812, 111),
(35812, 112),
(35812, 113),
(35812, 114),
(35812, 115),
(35812, 116),
(35812, 117),
(35812, 118),
(35812, 119),
(35812, 120),
(26767, 121),
(26767, 122),
(26767, 123),
(26767, 124),
(26767, 125),
(26767, 126),
(26767, 127),
(26767, 128),
(26767, 129),
(26767, 130),
(26767, 131),
(26767, 132),
(26767, 133),
(26767, 134),
(26767, 135),
(26767, 136),
(26767, 137),
(26767, 138),
(26767, 139),
(26767, 140),
(34616, 141),
(34616, 142),
(34616, 143),
(34616, 144),
(34616, 145),
(34616, 146),
(34616, 147),
(34616, 148),
(34616, 149),
(34616, 150),
(34616, 151),
(34616, 152),
(34616, 153),
(34616, 154),
(34616, 155),
(34616, 156),
(34616, 157),
(34616, 158),
(34616, 159),
(34616, 160),
(51498, 161),
(51498, 162),
(51498, 163),
(51498, 164),
(51498, 165),
(51498, 166),
(51498, 167),
(51498, 168),
(51498, 169),
(51498, 170),
(51498, 171),
(51498, 172),
(51498, 173),
(51498, 174),
(51498, 1),
(51498, 2),
(51498, 3),
(51498, 4),
(51498, 5),
(51498, 6),
(48805, 1),
(48805, 2),
(48805, 3),
(48805, 4),
(48805, 5),
(48805, 6),
(48805, 7),
(48805, 8),
(48805, 9),
(48805, 10),
(48805, 11),
(48805, 12),
(48805, 13),
(48805, 14),
(48805, 15),
(48805, 16),
(48805, 17),
(48805, 18),
(48805, 19),
(48805, 20),
(52370, 1),
(52370, 2),
(52370, 3),
(52370, 4),
(52370, 5),
(52370, 6),
(52370, 7),
(52370, 8),
(52370, 9),
(52370, 10),
(52370, 11),
(52370, 12),
(52370, 13),
(52370, 14),
(52370, 15),
(52370, 16),
(52370, 17),
(52370, 18),
(52370, 19),
(52370, 20),
(12458, 21),
(12458, 22),
(12458, 23),
(12458, 24),
(12458, 25),
(12458, 26),
(12458, 27),
(12458, 28),
(12458, 29),
(12458, 30),
(12458, 31),
(12458, 32),
(12458, 33),
(12458, 34),
(12458, 35),
(12458, 36),
(12458, 37),
(12458, 38),
(12458, 39),
(12458, 40),
(60547, 41),
(60547, 42),
(60547, 43),
(60547, 44),
(60547, 45),
(60547, 46),
(60547, 47),
(60547, 48),
(60547, 49),
(60547, 50),
(60547, 51),
(60547, 52),
(60547, 53),
(60547, 54),
(60547, 55),
(60547, 56),
(60547, 57),
(60547, 58),
(60547, 59),
(60547, 60),
(6728, 61),
(6728, 62),
(6728, 63),
(6728, 64),
(6728, 65),
(6728, 66),
(6728, 67),
(6728, 68),
(6728, 69),
(6728, 70),
(6728, 71),
(6728, 72),
(6728, 73),
(6728, 74),
(6728, 75),
(6728, 76),
(6728, 77),
(6728, 78),
(6728, 79),
(6728, 80),
(30650, 81),
(30650, 82),
(30650, 83),
(30650, 84),
(30650, 85),
(30650, 86),
(30650, 87),
(30650, 88),
(30650, 89),
(30650, 90),
(30650, 91),
(30650, 92),
(30650, 93),
(30650, 94),
(30650, 95),
(30650, 96),
(30650, 97),
(30650, 98),
(30650, 99),
(30650, 100),
(37694, 101),
(37694, 102),
(37694, 103),
(37694, 104),
(37694, 105),
(37694, 106),
(37694, 107),
(37694, 108),
(37694, 109),
(37694, 110),
(37694, 111),
(37694, 112),
(37694, 113),
(37694, 114),
(37694, 115),
(37694, 116),
(37694, 117),
(37694, 118),
(37694, 119),
(37694, 120),
(7314, 121),
(7314, 122),
(7314, 123),
(7314, 124),
(7314, 125),
(7314, 126),
(7314, 127),
(7314, 128),
(7314, 129),
(7314, 130),
(7314, 131),
(7314, 132),
(7314, 133),
(7314, 134),
(7314, 135),
(7314, 136),
(7314, 137),
(7314, 138),
(7314, 139),
(7314, 140),
(23347, 141),
(23347, 142),
(23347, 143),
(23347, 144),
(23347, 145),
(23347, 146),
(23347, 147),
(23347, 148),
(23347, 149),
(23347, 150),
(23347, 151),
(23347, 152),
(23347, 153),
(23347, 154),
(23347, 155),
(23347, 156),
(23347, 157),
(23347, 158),
(23347, 159),
(23347, 160),
(52351, 161),
(52351, 162),
(52351, 163),
(52351, 164),
(52351, 165),
(52351, 166),
(52351, 167),
(52351, 168),
(52351, 169),
(52351, 170),
(52351, 171),
(52351, 172),
(52351, 173),
(52351, 174),
(52351, 1),
(52351, 2),
(52351, 3),
(52351, 4),
(52351, 5),
(52351, 6),
(77534, 1),
(77534, 2),
(77534, 3),
(77534, 4),
(77534, 5),
(77534, 6),
(77534, 7),
(77534, 8),
(77534, 9),
(77534, 10),
(77534, 11),
(77534, 12),
(77534, 13),
(77534, 14),
(77534, 15),
(77534, 16),
(77534, 17),
(77534, 18),
(77534, 19),
(77534, 20),
(93624, 1),
(93624, 2),
(93624, 3),
(93624, 4),
(93624, 5),
(93624, 6),
(93624, 7),
(93624, 8),
(93624, 9),
(93624, 10),
(93624, 11),
(93624, 12),
(93624, 13),
(93624, 14),
(93624, 15),
(93624, 16),
(93624, 17),
(93624, 18),
(93624, 19),
(93624, 20),
(95711, 21),
(95711, 22),
(95711, 23),
(95711, 24),
(95711, 25),
(95711, 26),
(95711, 27),
(95711, 28),
(95711, 29),
(95711, 30),
(95711, 31),
(95711, 32),
(95711, 33),
(95711, 34),
(95711, 35),
(95711, 36),
(95711, 37),
(95711, 38),
(95711, 39),
(95711, 40),
(93195, 41),
(93195, 42),
(93195, 43),
(93195, 44),
(93195, 45),
(93195, 46),
(93195, 47),
(93195, 48),
(93195, 49),
(93195, 50),
(93195, 51),
(93195, 52),
(93195, 53),
(93195, 54),
(93195, 55),
(93195, 56),
(93195, 57),
(93195, 58),
(93195, 59),
(93195, 60),
(60312, 61),
(60312, 62),
(60312, 63),
(60312, 64),
(60312, 65),
(60312, 66),
(60312, 67),
(60312, 68),
(60312, 69),
(60312, 70),
(60312, 71),
(60312, 72),
(60312, 73),
(60312, 74),
(60312, 75),
(60312, 76),
(60312, 77),
(60312, 78),
(60312, 79),
(60312, 80),
(38312, 81),
(38312, 82),
(38312, 83),
(38312, 84),
(38312, 85),
(38312, 86),
(38312, 87),
(38312, 88),
(38312, 89),
(38312, 90),
(38312, 91),
(38312, 92),
(38312, 93),
(38312, 94),
(38312, 95),
(38312, 96),
(38312, 97),
(38312, 98),
(38312, 99),
(38312, 100),
(35317, 101),
(35317, 102),
(35317, 103),
(35317, 104),
(35317, 105),
(35317, 106),
(35317, 107),
(35317, 108),
(35317, 109),
(35317, 110),
(35317, 111),
(35317, 112),
(35317, 113),
(35317, 114),
(35317, 115),
(35317, 116),
(35317, 117),
(35317, 118),
(35317, 119),
(35317, 120),
(63999, 121),
(63999, 122),
(63999, 123),
(63999, 124),
(63999, 125),
(63999, 126),
(63999, 127),
(63999, 128),
(63999, 129),
(63999, 130),
(63999, 131),
(63999, 132),
(63999, 133),
(63999, 134),
(63999, 135),
(63999, 136),
(63999, 137),
(63999, 138),
(63999, 139),
(63999, 140),
(5733, 141),
(5733, 142),
(5733, 143),
(5733, 144),
(5733, 145),
(5733, 146),
(5733, 147),
(5733, 148),
(5733, 149),
(5733, 150),
(5733, 151),
(5733, 152),
(5733, 153),
(5733, 154),
(5733, 155),
(5733, 156),
(5733, 157),
(5733, 158),
(5733, 159),
(5733, 160),
(1523, 161),
(1523, 162),
(1523, 163),
(1523, 164),
(1523, 165),
(1523, 166),
(1523, 167),
(1523, 168),
(1523, 169),
(1523, 170),
(1523, 171),
(1523, 172),
(1523, 173),
(1523, 174),
(1523, 1),
(1523, 2),
(1523, 3),
(1523, 4),
(1523, 5),
(1523, 6),
(37646, 1),
(37646, 2),
(37646, 3),
(37646, 4),
(37646, 5),
(37646, 6),
(37646, 7),
(37646, 8),
(37646, 9),
(37646, 10),
(37646, 11),
(37646, 12),
(37646, 13),
(37646, 14),
(37646, 15),
(37646, 16),
(37646, 17),
(37646, 18),
(37646, 19),
(37646, 20),
(84598, 1),
(84598, 2),
(84598, 3),
(84598, 4),
(84598, 5),
(84598, 6),
(84598, 7),
(84598, 8),
(84598, 9),
(84598, 10),
(84598, 11),
(84598, 12),
(84598, 13),
(84598, 14),
(84598, 15),
(84598, 16),
(84598, 17),
(84598, 18),
(84598, 19),
(84598, 20),
(83107, 21),
(83107, 22),
(83107, 23),
(83107, 24),
(83107, 25),
(83107, 26),
(83107, 27),
(83107, 28),
(83107, 29),
(83107, 30),
(83107, 31),
(83107, 32),
(83107, 33),
(83107, 34),
(83107, 35),
(83107, 36),
(83107, 37),
(83107, 38),
(83107, 39),
(83107, 40),
(77893, 41),
(77893, 42),
(77893, 43),
(77893, 44),
(77893, 45),
(77893, 46),
(77893, 47),
(77893, 48),
(77893, 49),
(77893, 50),
(77893, 51),
(77893, 52),
(77893, 53),
(77893, 54),
(77893, 55),
(77893, 56),
(77893, 57),
(77893, 58),
(77893, 59),
(77893, 60),
(46513, 61),
(46513, 62),
(46513, 63),
(46513, 64),
(46513, 65),
(46513, 66),
(46513, 67),
(46513, 68),
(46513, 69),
(46513, 70),
(46513, 71),
(46513, 72),
(46513, 73),
(46513, 74),
(46513, 75),
(46513, 76),
(46513, 77),
(46513, 78),
(46513, 79),
(46513, 80),
(46657, 81),
(46657, 82),
(46657, 83),
(46657, 84),
(46657, 85),
(46657, 86),
(46657, 87),
(46657, 88),
(46657, 89),
(46657, 90),
(46657, 91),
(46657, 92),
(46657, 93),
(46657, 94),
(46657, 95),
(46657, 96),
(46657, 97),
(46657, 98),
(46657, 99),
(46657, 100),
(22958, 101),
(22958, 102),
(22958, 103),
(22958, 104),
(22958, 105),
(22958, 106),
(22958, 107),
(22958, 108),
(22958, 109),
(22958, 110),
(22958, 111),
(22958, 112),
(22958, 113),
(22958, 114),
(22958, 115),
(22958, 116),
(22958, 117),
(22958, 118),
(22958, 119),
(22958, 120),
(80862, 121),
(80862, 122),
(80862, 123),
(80862, 124),
(80862, 125),
(80862, 126),
(80862, 127),
(80862, 128),
(80862, 129),
(80862, 130),
(80862, 131),
(80862, 132),
(80862, 133),
(80862, 134),
(80862, 135),
(80862, 136),
(80862, 137),
(80862, 138),
(80862, 139),
(80862, 140),
(40526, 141),
(40526, 142),
(40526, 143),
(40526, 144),
(40526, 145),
(40526, 146),
(40526, 147),
(40526, 148),
(40526, 149),
(40526, 150),
(40526, 151),
(40526, 152),
(40526, 153),
(40526, 154),
(40526, 155),
(40526, 156),
(40526, 157),
(40526, 158),
(40526, 159),
(40526, 160),
(56034, 161),
(56034, 162),
(56034, 163),
(56034, 164),
(56034, 165),
(56034, 166),
(56034, 167),
(56034, 168),
(56034, 169),
(56034, 170),
(56034, 171),
(56034, 172),
(56034, 173),
(56034, 174),
(56034, 1),
(56034, 2),
(56034, 3),
(56034, 4),
(56034, 5),
(56034, 6),
(40326, 1),
(40326, 2),
(40326, 3),
(40326, 4),
(40326, 5),
(40326, 6),
(40326, 7),
(40326, 8),
(40326, 9),
(40326, 10),
(40326, 11),
(40326, 12),
(40326, 13),
(40326, 14),
(40326, 15),
(40326, 16),
(40326, 17),
(40326, 18),
(40326, 19),
(40326, 20),
(40290, 1),
(40290, 2),
(40290, 3),
(40290, 4),
(40290, 5),
(40290, 6),
(40290, 7),
(40290, 8),
(40290, 9),
(40290, 10),
(40290, 11),
(40290, 12),
(40290, 13),
(40290, 14),
(40290, 15),
(40290, 16),
(40290, 17),
(40290, 18),
(40290, 19),
(40290, 20),
(99694, 21),
(99694, 22),
(99694, 23),
(99694, 24),
(99694, 25),
(99694, 26),
(99694, 27),
(99694, 28),
(99694, 29),
(99694, 30),
(99694, 31),
(99694, 32),
(99694, 33),
(99694, 34),
(99694, 35),
(99694, 36),
(99694, 37),
(99694, 38),
(99694, 39),
(99694, 40),
(84809, 41),
(84809, 42),
(84809, 43),
(84809, 44),
(84809, 45),
(84809, 46),
(84809, 47),
(84809, 48),
(84809, 49),
(84809, 50),
(84809, 51),
(84809, 52),
(84809, 53),
(84809, 54),
(84809, 55),
(84809, 56),
(84809, 57),
(84809, 58),
(84809, 59),
(84809, 60),
(63348, 61),
(63348, 62),
(63348, 63),
(63348, 64),
(63348, 65),
(63348, 66),
(63348, 67),
(63348, 68),
(63348, 69),
(63348, 70),
(63348, 71),
(63348, 72),
(63348, 73),
(63348, 74),
(63348, 75),
(63348, 76),
(63348, 77),
(63348, 78),
(63348, 79),
(63348, 80),
(71159, 81),
(71159, 82),
(71159, 83),
(71159, 84),
(71159, 85),
(71159, 86),
(71159, 87),
(71159, 88),
(71159, 89),
(71159, 90),
(71159, 91),
(71159, 92),
(71159, 93),
(71159, 94),
(71159, 95),
(71159, 96),
(71159, 97),
(71159, 98),
(71159, 99),
(71159, 100),
(96426, 101),
(96426, 102),
(96426, 103),
(96426, 104),
(96426, 105),
(96426, 106),
(96426, 107),
(96426, 108),
(96426, 109),
(96426, 110),
(96426, 111),
(96426, 112),
(96426, 113),
(96426, 114),
(96426, 115),
(96426, 116),
(96426, 117),
(96426, 118),
(96426, 119),
(96426, 120),
(84475, 121),
(84475, 122),
(84475, 123),
(84475, 124),
(84475, 125),
(84475, 126),
(84475, 127),
(84475, 128),
(84475, 129),
(84475, 130),
(84475, 131),
(84475, 132),
(84475, 133),
(84475, 134),
(84475, 135),
(84475, 136),
(84475, 137),
(84475, 138),
(84475, 139),
(84475, 140),
(92426, 141),
(92426, 142),
(92426, 143),
(92426, 144),
(92426, 145),
(92426, 146),
(92426, 147),
(92426, 148),
(92426, 149),
(92426, 150),
(92426, 151),
(92426, 152),
(92426, 153),
(92426, 154),
(92426, 155),
(92426, 156),
(92426, 157),
(92426, 158),
(92426, 159),
(92426, 160),
(15630, 161),
(15630, 162),
(15630, 163),
(15630, 164),
(15630, 165),
(15630, 166),
(15630, 167),
(15630, 168),
(15630, 169),
(15630, 170),
(15630, 171),
(15630, 172),
(15630, 173),
(15630, 174),
(15630, 1),
(15630, 2),
(15630, 3),
(15630, 4),
(15630, 5),
(15630, 6),
(87431, 1),
(87431, 2),
(87431, 3),
(87431, 4),
(87431, 5),
(87431, 6),
(87431, 7),
(87431, 8),
(87431, 9),
(87431, 10),
(87431, 11),
(87431, 12),
(87431, 13),
(87431, 14),
(87431, 15),
(87431, 16),
(87431, 17),
(87431, 18),
(87431, 19),
(87431, 20),
(30876, 1),
(30876, 2),
(30876, 3),
(30876, 4),
(30876, 5),
(30876, 6),
(30876, 7),
(30876, 8),
(30876, 9),
(30876, 10),
(30876, 11),
(30876, 12),
(30876, 13),
(30876, 14),
(30876, 15),
(30876, 16),
(30876, 17),
(30876, 18),
(30876, 19),
(30876, 20),
(86728, 21),
(86728, 22),
(86728, 23),
(86728, 24),
(86728, 25),
(86728, 26),
(86728, 27),
(86728, 28),
(86728, 29),
(86728, 30),
(86728, 31),
(86728, 32),
(86728, 33),
(86728, 34),
(86728, 35),
(86728, 36),
(86728, 37),
(86728, 38),
(86728, 39),
(86728, 40),
(28593, 41),
(28593, 42),
(28593, 43),
(28593, 44),
(28593, 45),
(28593, 46),
(28593, 47),
(28593, 48),
(28593, 49),
(28593, 50),
(28593, 51),
(28593, 52),
(28593, 53),
(28593, 54),
(28593, 55),
(28593, 56),
(28593, 57),
(28593, 58),
(28593, 59),
(28593, 60),
(92652, 61),
(92652, 62),
(92652, 63),
(92652, 64),
(92652, 65),
(92652, 66),
(92652, 67),
(92652, 68),
(92652, 69),
(92652, 70),
(92652, 71),
(92652, 72),
(92652, 73),
(92652, 74),
(92652, 75),
(92652, 76),
(92652, 77),
(92652, 78),
(92652, 79),
(92652, 80),
(79898, 81),
(79898, 82),
(79898, 83),
(79898, 84),
(79898, 85),
(79898, 86),
(79898, 87),
(79898, 88),
(79898, 89),
(79898, 90),
(79898, 91),
(79898, 92),
(79898, 93),
(79898, 94),
(79898, 95),
(79898, 96),
(79898, 97),
(79898, 98),
(79898, 99),
(79898, 100),
(48767, 101),
(48767, 102),
(48767, 103),
(48767, 104),
(48767, 105),
(48767, 106),
(48767, 107),
(48767, 108),
(48767, 109),
(48767, 110),
(48767, 111),
(48767, 112),
(48767, 113),
(48767, 114),
(48767, 115),
(48767, 116),
(48767, 117),
(48767, 118),
(48767, 119),
(48767, 120),
(37080, 121),
(37080, 122),
(37080, 123),
(37080, 124),
(37080, 125),
(37080, 126),
(37080, 127),
(37080, 128),
(37080, 129),
(37080, 130),
(37080, 131),
(37080, 132),
(37080, 133),
(37080, 134),
(37080, 135),
(37080, 136),
(37080, 137),
(37080, 138),
(37080, 139),
(37080, 140),
(41459, 141),
(41459, 142),
(41459, 143),
(41459, 144),
(41459, 145),
(41459, 146),
(41459, 147),
(41459, 148),
(41459, 149),
(41459, 150),
(41459, 151),
(41459, 152),
(41459, 153),
(41459, 154),
(41459, 155),
(41459, 156),
(41459, 157),
(41459, 158),
(41459, 159),
(41459, 160),
(19157, 161),
(19157, 162),
(19157, 163),
(19157, 164),
(19157, 165),
(19157, 166),
(19157, 167),
(19157, 168),
(19157, 169),
(19157, 170),
(19157, 171),
(19157, 172),
(19157, 173),
(19157, 174),
(19157, 1),
(19157, 2),
(19157, 3),
(19157, 4),
(19157, 5),
(19157, 6),
(94783, 1),
(94783, 2),
(94783, 3),
(94783, 4),
(94783, 5),
(94783, 6),
(94783, 7),
(94783, 8),
(94783, 9),
(94783, 10),
(94783, 11),
(94783, 12),
(94783, 13),
(94783, 14),
(94783, 15),
(94783, 16),
(94783, 17),
(94783, 18),
(94783, 19),
(94783, 20),
(46175, 1),
(46175, 2),
(46175, 3),
(46175, 4),
(46175, 5),
(46175, 6),
(46175, 7),
(46175, 8),
(46175, 9),
(46175, 10),
(46175, 11),
(46175, 12),
(46175, 13),
(46175, 14),
(46175, 15),
(46175, 16),
(46175, 17),
(46175, 18),
(46175, 19),
(46175, 20),
(61733, 21),
(61733, 22),
(61733, 23),
(61733, 24),
(61733, 25),
(61733, 26),
(61733, 27),
(61733, 28),
(61733, 29),
(61733, 30),
(61733, 31),
(61733, 32),
(61733, 33),
(61733, 34),
(61733, 35),
(61733, 36),
(61733, 37),
(61733, 38),
(61733, 39),
(61733, 40),
(17143, 41),
(17143, 42),
(17143, 43),
(17143, 44),
(17143, 45),
(17143, 46),
(17143, 47),
(17143, 48),
(17143, 49),
(17143, 50),
(17143, 51),
(17143, 52),
(17143, 53),
(17143, 54),
(17143, 55),
(17143, 56),
(17143, 57),
(17143, 58),
(17143, 59),
(17143, 60),
(86904, 61),
(86904, 62),
(86904, 63),
(86904, 64),
(86904, 65),
(86904, 66),
(86904, 67),
(86904, 68),
(86904, 69),
(86904, 70),
(86904, 71),
(86904, 72),
(86904, 73),
(86904, 74),
(86904, 75),
(86904, 76),
(86904, 77),
(86904, 78),
(86904, 79),
(86904, 80),
(46622, 81),
(46622, 82),
(46622, 83),
(46622, 84),
(46622, 85),
(46622, 86),
(46622, 87),
(46622, 88),
(46622, 89),
(46622, 90),
(46622, 91),
(46622, 92),
(46622, 93),
(46622, 94),
(46622, 95),
(46622, 96),
(46622, 97),
(46622, 98),
(46622, 99),
(46622, 100),
(67661, 101),
(67661, 102),
(67661, 103),
(67661, 104),
(67661, 105),
(67661, 106),
(67661, 107),
(67661, 108),
(67661, 109),
(67661, 110),
(67661, 111),
(67661, 112),
(67661, 113),
(67661, 114),
(67661, 115),
(67661, 116),
(67661, 117),
(67661, 118),
(67661, 119),
(67661, 120),
(49973, 121),
(49973, 122),
(49973, 123),
(49973, 124),
(49973, 125),
(49973, 126),
(49973, 127),
(49973, 128),
(49973, 129),
(49973, 130),
(49973, 131),
(49973, 132),
(49973, 133),
(49973, 134),
(49973, 135),
(49973, 136),
(49973, 137),
(49973, 138),
(49973, 139),
(49973, 140),
(69808, 141),
(69808, 142),
(69808, 143),
(69808, 144),
(69808, 145),
(69808, 146),
(69808, 147),
(69808, 148),
(69808, 149),
(69808, 150),
(69808, 151),
(69808, 152),
(69808, 153),
(69808, 154),
(69808, 155),
(69808, 156),
(69808, 157),
(69808, 158),
(69808, 159),
(69808, 160),
(18996, 161),
(18996, 162),
(18996, 163),
(18996, 164),
(18996, 165),
(18996, 166),
(18996, 167),
(18996, 168),
(18996, 169),
(18996, 170),
(18996, 171),
(18996, 172),
(18996, 173),
(18996, 174),
(18996, 1),
(18996, 2),
(18996, 3),
(18996, 4),
(18996, 5),
(18996, 6),
(96950, 1),
(96950, 2),
(96950, 3),
(96950, 4),
(96950, 5),
(96950, 6),
(96950, 7),
(96950, 8),
(96950, 9),
(96950, 10),
(96950, 11),
(96950, 12),
(96950, 13),
(96950, 14),
(96950, 15),
(96950, 16),
(96950, 17),
(96950, 18),
(96950, 19),
(96950, 20),
(48303, 21),
(48303, 22),
(48303, 23),
(48303, 24),
(48303, 25),
(48303, 26),
(48303, 27),
(48303, 28),
(48303, 29),
(48303, 30),
(48303, 31),
(48303, 32),
(48303, 33),
(48303, 34),
(48303, 35),
(48303, 36),
(48303, 37),
(48303, 38),
(48303, 39),
(48303, 40),
(64575, 41),
(64575, 42),
(64575, 43),
(64575, 44),
(64575, 45),
(64575, 46),
(64575, 47),
(64575, 48),
(64575, 49),
(64575, 50),
(64575, 51),
(64575, 52),
(64575, 53),
(64575, 54),
(64575, 55),
(64575, 56),
(64575, 57),
(64575, 58),
(64575, 59),
(64575, 60),
(6312, 61),
(6312, 62),
(6312, 63),
(6312, 64),
(6312, 65),
(6312, 66),
(6312, 67),
(6312, 68),
(6312, 69),
(6312, 70),
(6312, 71),
(6312, 72),
(6312, 73),
(6312, 74),
(6312, 75),
(6312, 76),
(6312, 77),
(6312, 78),
(6312, 79),
(6312, 80),
(44971, 81),
(44971, 82),
(44971, 83),
(44971, 84),
(44971, 85),
(44971, 86),
(44971, 87),
(44971, 88),
(44971, 89),
(44971, 90),
(44971, 91),
(44971, 92),
(44971, 93),
(44971, 94),
(44971, 95),
(44971, 96),
(44971, 97),
(44971, 98),
(44971, 99),
(44971, 100),
(35979, 101),
(35979, 102),
(35979, 103),
(35979, 104),
(35979, 105),
(35979, 106),
(35979, 107),
(35979, 108),
(35979, 109),
(35979, 110),
(35979, 111),
(35979, 112),
(35979, 113),
(35979, 114),
(35979, 115),
(35979, 116),
(35979, 117),
(35979, 118),
(35979, 119),
(35979, 120),
(46350, 121),
(46350, 122),
(46350, 123),
(46350, 124),
(46350, 125),
(46350, 126),
(46350, 127),
(46350, 128),
(46350, 129),
(46350, 130),
(46350, 131),
(46350, 132),
(46350, 133),
(46350, 134),
(46350, 135),
(46350, 136),
(46350, 137),
(46350, 138),
(46350, 139),
(46350, 140),
(55899, 141),
(55899, 142),
(55899, 143),
(55899, 144),
(55899, 145),
(55899, 146),
(55899, 147),
(55899, 148),
(55899, 149),
(55899, 150),
(55899, 151),
(55899, 152),
(55899, 153),
(55899, 154),
(55899, 155),
(55899, 156),
(55899, 157),
(55899, 158),
(55899, 159),
(55899, 160),
(42596, 161),
(42596, 162),
(42596, 163),
(42596, 164),
(42596, 165),
(42596, 166),
(42596, 167),
(42596, 168),
(42596, 169),
(42596, 170),
(42596, 171),
(42596, 172),
(42596, 173),
(42596, 174),
(42596, 1),
(42596, 2),
(42596, 3),
(42596, 4),
(42596, 5),
(42596, 6),
(60959, 1),
(60959, 2),
(60959, 3),
(60959, 4),
(60959, 5),
(60959, 6),
(60959, 7),
(60959, 8),
(60959, 9),
(60959, 10),
(60959, 11),
(60959, 12),
(60959, 13),
(60959, 14),
(60959, 15),
(60959, 16),
(60959, 17),
(60959, 18),
(60959, 19),
(60959, 20),
(72596, 1),
(72596, 2),
(72596, 3),
(72596, 4),
(72596, 5),
(72596, 6),
(72596, 7),
(72596, 8),
(72596, 9),
(72596, 10),
(72596, 11),
(72596, 12),
(72596, 13),
(72596, 14),
(72596, 15),
(72596, 16),
(72596, 17),
(72596, 18),
(72596, 19),
(72596, 20),
(10239, 21),
(10239, 22),
(10239, 23),
(10239, 24),
(10239, 25),
(10239, 26),
(10239, 27),
(10239, 28),
(10239, 29),
(10239, 30),
(10239, 31),
(10239, 32),
(10239, 33),
(10239, 34),
(10239, 35),
(10239, 36),
(10239, 37),
(10239, 38),
(10239, 39),
(10239, 40),
(93515, 41),
(93515, 42),
(93515, 43),
(93515, 44),
(93515, 45),
(93515, 46),
(93515, 47),
(93515, 48),
(93515, 49),
(93515, 50),
(93515, 51),
(93515, 52),
(93515, 53),
(93515, 54),
(93515, 55),
(93515, 56),
(93515, 57),
(93515, 58),
(93515, 59),
(93515, 60),
(97520, 61),
(97520, 62),
(97520, 63),
(97520, 64),
(97520, 65),
(97520, 66),
(97520, 67),
(97520, 68),
(97520, 69),
(97520, 70),
(97520, 71),
(97520, 72),
(97520, 73),
(97520, 74),
(97520, 75),
(97520, 76),
(97520, 77),
(97520, 78),
(97520, 79),
(97520, 80),
(83348, 81),
(83348, 82),
(83348, 83),
(83348, 84),
(83348, 85),
(83348, 86),
(83348, 87),
(83348, 88),
(83348, 89),
(83348, 90),
(83348, 91),
(83348, 92),
(83348, 93),
(83348, 94),
(83348, 95),
(83348, 96),
(83348, 97),
(83348, 98),
(83348, 99),
(83348, 100),
(58116, 101),
(58116, 102),
(58116, 103),
(58116, 104),
(58116, 105),
(58116, 106),
(58116, 107),
(58116, 108),
(58116, 109),
(58116, 110),
(58116, 111),
(58116, 112),
(58116, 113),
(58116, 114),
(58116, 115),
(58116, 116),
(58116, 117),
(58116, 118),
(58116, 119),
(58116, 120),
(47586, 121),
(47586, 122),
(47586, 123),
(47586, 124),
(47586, 125),
(47586, 126),
(47586, 127),
(47586, 128),
(47586, 129),
(47586, 130),
(47586, 131),
(47586, 132),
(47586, 133),
(47586, 134),
(47586, 135),
(47586, 136),
(47586, 137),
(47586, 138),
(47586, 139),
(47586, 140),
(14521, 141),
(14521, 142),
(14521, 143),
(14521, 144),
(14521, 145),
(14521, 146),
(14521, 147),
(14521, 148),
(14521, 149),
(14521, 150),
(14521, 151),
(14521, 152),
(14521, 153),
(14521, 154),
(14521, 155),
(14521, 156),
(14521, 157),
(14521, 158),
(14521, 159),
(14521, 160),
(65863, 161),
(65863, 162),
(65863, 163),
(65863, 164),
(65863, 165),
(65863, 166),
(65863, 167),
(65863, 168),
(65863, 169),
(65863, 170),
(65863, 171),
(65863, 172),
(65863, 173),
(65863, 174),
(65863, 1),
(65863, 2),
(65863, 3),
(65863, 4),
(65863, 5),
(65863, 6),
(52887, 1),
(52887, 2),
(52887, 3),
(52887, 4),
(52887, 5),
(52887, 6),
(52887, 7),
(52887, 8),
(52887, 9),
(52887, 10),
(52887, 11),
(52887, 12),
(52887, 13),
(52887, 14),
(52887, 15),
(52887, 16),
(52887, 17),
(52887, 18),
(52887, 19),
(52887, 20),
(42382, 1),
(42382, 2),
(42382, 3),
(42382, 4),
(42382, 5),
(42382, 6),
(42382, 7),
(42382, 8),
(42382, 9),
(42382, 10),
(42382, 11),
(42382, 12),
(42382, 13),
(42382, 14),
(42382, 15),
(42382, 16),
(42382, 17),
(42382, 18),
(42382, 19),
(42382, 20),
(23489, 21),
(23489, 22),
(23489, 23),
(23489, 24),
(23489, 25),
(23489, 26),
(23489, 27),
(23489, 28),
(23489, 29),
(23489, 30),
(23489, 31),
(23489, 32),
(23489, 33),
(23489, 34),
(23489, 35),
(23489, 36),
(23489, 37),
(23489, 38),
(23489, 39),
(23489, 40),
(42721, 41),
(42721, 42),
(42721, 43),
(42721, 44),
(42721, 45),
(42721, 46),
(42721, 47),
(42721, 48),
(42721, 49),
(42721, 50),
(42721, 51),
(42721, 52),
(42721, 53),
(42721, 54),
(42721, 55),
(42721, 56),
(42721, 57),
(42721, 58),
(42721, 59),
(42721, 60),
(74760, 61),
(74760, 62),
(74760, 63),
(74760, 64),
(74760, 65),
(74760, 66),
(74760, 67),
(74760, 68),
(74760, 69),
(74760, 70),
(74760, 71),
(74760, 72),
(74760, 73),
(74760, 74),
(74760, 75),
(74760, 76),
(74760, 77),
(74760, 78),
(74760, 79),
(74760, 80),
(35688, 81),
(35688, 82),
(35688, 83),
(35688, 84),
(35688, 85),
(35688, 86),
(35688, 87),
(35688, 88),
(35688, 89),
(35688, 90),
(35688, 91),
(35688, 92),
(35688, 93),
(35688, 94),
(35688, 95),
(35688, 96),
(35688, 97),
(35688, 98),
(35688, 99),
(35688, 100),
(95889, 101),
(95889, 102),
(95889, 103),
(95889, 104),
(95889, 105),
(95889, 106),
(95889, 107),
(95889, 108),
(95889, 109),
(95889, 110),
(95889, 111),
(95889, 112),
(95889, 113),
(95889, 114),
(95889, 115),
(95889, 116),
(95889, 117),
(95889, 118),
(95889, 119),
(95889, 120),
(84781, 121),
(84781, 122),
(84781, 123),
(84781, 124),
(84781, 125),
(84781, 126),
(84781, 127),
(84781, 128),
(84781, 129),
(84781, 130),
(84781, 131),
(84781, 132),
(84781, 133),
(84781, 134),
(84781, 135),
(84781, 136),
(84781, 137),
(84781, 138),
(84781, 139),
(84781, 140),
(75287, 141),
(75287, 142),
(75287, 143),
(75287, 144),
(75287, 145),
(75287, 146),
(75287, 147),
(75287, 148),
(75287, 149),
(75287, 150),
(75287, 151),
(75287, 152),
(75287, 153),
(75287, 154),
(75287, 155),
(75287, 156),
(75287, 157),
(75287, 158),
(75287, 159),
(75287, 160),
(33975, 161),
(33975, 162),
(33975, 163),
(33975, 164),
(33975, 165),
(33975, 166),
(33975, 167),
(33975, 168),
(33975, 169),
(33975, 170),
(33975, 171),
(33975, 172),
(33975, 173),
(33975, 174),
(33975, 1),
(33975, 2),
(33975, 3),
(33975, 4),
(33975, 5),
(33975, 6),
(81873, 1),
(81873, 2),
(81873, 3),
(81873, 4),
(81873, 5),
(81873, 6),
(81873, 7),
(81873, 8),
(81873, 9),
(81873, 10),
(81873, 11),
(81873, 12),
(81873, 13),
(81873, 14),
(81873, 15),
(81873, 16),
(81873, 17),
(81873, 18),
(81873, 19),
(81873, 20),
(12558, 1),
(12558, 2),
(12558, 3),
(12558, 4),
(12558, 5),
(12558, 6),
(12558, 7),
(12558, 8),
(12558, 9),
(12558, 10),
(12558, 11),
(12558, 12),
(12558, 13),
(12558, 14),
(12558, 15),
(12558, 16),
(12558, 17),
(12558, 18),
(12558, 19),
(12558, 20),
(77350, 21),
(77350, 22),
(77350, 23),
(77350, 24),
(77350, 25),
(77350, 26),
(77350, 27),
(77350, 28),
(77350, 29),
(77350, 30),
(77350, 31),
(77350, 32),
(77350, 33),
(77350, 34),
(77350, 35),
(77350, 36),
(77350, 37),
(77350, 38),
(77350, 39),
(77350, 40),
(47320, 41),
(47320, 42),
(47320, 43),
(47320, 44),
(47320, 45),
(47320, 46),
(47320, 47),
(47320, 48),
(47320, 49),
(47320, 50),
(47320, 51),
(47320, 52),
(47320, 53),
(47320, 54),
(47320, 55),
(47320, 56),
(47320, 57),
(47320, 58),
(47320, 59),
(47320, 60),
(2986, 61),
(2986, 62),
(2986, 63),
(2986, 64),
(2986, 65),
(2986, 66),
(2986, 67),
(2986, 68),
(2986, 69),
(2986, 70),
(2986, 71),
(2986, 72),
(2986, 73),
(2986, 74),
(2986, 75),
(2986, 76),
(2986, 77),
(2986, 78),
(2986, 79),
(2986, 80),
(38807, 81),
(38807, 82),
(38807, 83),
(38807, 84),
(38807, 85),
(38807, 86),
(38807, 87),
(38807, 88),
(38807, 89),
(38807, 90),
(38807, 91),
(38807, 92),
(38807, 93),
(38807, 94),
(38807, 95),
(38807, 96),
(38807, 97),
(38807, 98),
(38807, 99),
(38807, 100),
(85417, 101),
(85417, 102),
(85417, 103),
(85417, 104),
(85417, 105),
(85417, 106),
(85417, 107),
(85417, 108),
(85417, 109),
(85417, 110),
(85417, 111),
(85417, 112),
(85417, 113),
(85417, 114),
(85417, 115),
(85417, 116),
(85417, 117),
(85417, 118),
(85417, 119),
(85417, 120),
(16632, 121),
(16632, 122),
(16632, 123),
(16632, 124),
(16632, 125),
(16632, 126),
(16632, 127),
(16632, 128),
(16632, 129),
(16632, 130),
(16632, 131),
(16632, 132),
(16632, 133),
(16632, 134),
(16632, 135),
(16632, 136),
(16632, 137),
(16632, 138),
(16632, 139),
(16632, 140),
(96880, 141),
(96880, 142),
(96880, 143),
(96880, 144),
(96880, 145),
(96880, 146),
(96880, 147),
(96880, 148),
(96880, 149),
(96880, 150),
(96880, 151),
(96880, 152),
(96880, 153),
(96880, 154),
(96880, 155),
(96880, 156),
(96880, 157),
(96880, 158),
(96880, 159),
(96880, 160),
(31651, 161),
(31651, 162),
(31651, 163),
(31651, 164),
(31651, 165),
(31651, 166),
(31651, 167),
(31651, 168),
(31651, 169),
(31651, 170),
(31651, 171),
(31651, 172),
(31651, 173),
(31651, 174),
(31651, 1),
(31651, 2),
(31651, 3),
(31651, 4),
(31651, 5),
(31651, 6),
(7056, 1),
(7056, 2),
(7056, 3),
(7056, 4),
(7056, 5),
(7056, 6),
(7056, 7),
(7056, 8),
(7056, 9),
(7056, 10),
(7056, 11),
(7056, 12),
(7056, 13),
(7056, 14),
(7056, 15),
(7056, 16),
(7056, 17),
(7056, 18),
(7056, 19),
(7056, 20),
(76626, 1),
(76626, 2),
(76626, 3),
(76626, 4),
(76626, 5),
(76626, 6),
(76626, 7),
(76626, 8),
(76626, 9),
(76626, 10),
(76626, 11),
(76626, 12),
(76626, 13),
(76626, 14),
(76626, 15),
(76626, 16),
(76626, 17),
(76626, 18),
(76626, 19),
(76626, 20),
(66365, 21),
(66365, 22),
(66365, 23),
(66365, 24),
(66365, 25),
(66365, 26),
(66365, 27),
(66365, 28),
(66365, 29),
(66365, 30),
(66365, 31),
(66365, 32),
(66365, 33),
(66365, 34),
(66365, 35),
(66365, 36),
(66365, 37),
(66365, 38),
(66365, 39),
(66365, 40),
(3935, 41),
(3935, 42),
(3935, 43),
(3935, 44),
(3935, 45),
(3935, 46),
(3935, 47),
(3935, 48),
(3935, 49),
(3935, 50),
(3935, 51),
(3935, 52),
(3935, 53),
(3935, 54),
(3935, 55),
(3935, 56),
(3935, 57),
(3935, 58),
(3935, 59),
(3935, 60),
(2703, 61),
(2703, 62),
(2703, 63),
(2703, 64),
(2703, 65),
(2703, 66),
(2703, 67),
(2703, 68),
(2703, 69),
(2703, 70),
(2703, 71),
(2703, 72),
(2703, 73),
(2703, 74),
(2703, 75),
(2703, 76),
(2703, 77),
(2703, 78),
(2703, 79),
(2703, 80),
(32484, 81),
(32484, 82),
(32484, 83),
(32484, 84),
(32484, 85),
(32484, 86),
(32484, 87),
(32484, 88),
(32484, 89),
(32484, 90),
(32484, 91),
(32484, 92),
(32484, 93),
(32484, 94),
(32484, 95),
(32484, 96),
(32484, 97),
(32484, 98),
(32484, 99),
(32484, 100),
(60629, 101),
(60629, 102),
(60629, 103),
(60629, 104),
(60629, 105),
(60629, 106),
(60629, 107),
(60629, 108),
(60629, 109),
(60629, 110),
(60629, 111),
(60629, 112),
(60629, 113),
(60629, 114),
(60629, 115),
(60629, 116),
(60629, 117),
(60629, 118),
(60629, 119),
(60629, 120),
(27286, 121),
(27286, 122),
(27286, 123),
(27286, 124),
(27286, 125),
(27286, 126),
(27286, 127),
(27286, 128),
(27286, 129),
(27286, 130),
(27286, 131),
(27286, 132),
(27286, 133),
(27286, 134),
(27286, 135),
(27286, 136),
(27286, 137),
(27286, 138),
(27286, 139),
(27286, 140),
(25959, 141),
(25959, 142),
(25959, 143),
(25959, 144),
(25959, 145),
(25959, 146),
(25959, 147),
(25959, 148),
(25959, 149),
(25959, 150),
(25959, 151),
(25959, 152),
(25959, 153),
(25959, 154),
(25959, 155),
(25959, 156),
(25959, 157),
(25959, 158),
(25959, 159),
(25959, 160),
(50687, 161),
(50687, 162),
(50687, 163),
(50687, 164),
(50687, 165),
(50687, 166),
(50687, 167),
(50687, 168),
(50687, 169),
(50687, 170),
(50687, 171),
(50687, 172),
(50687, 173),
(50687, 174),
(50687, 1),
(50687, 2),
(50687, 3),
(50687, 4),
(50687, 5),
(50687, 6),
(22581, 1),
(22581, 2),
(22581, 3),
(22581, 4),
(22581, 5),
(22581, 6),
(22581, 7),
(22581, 8),
(22581, 9),
(22581, 10),
(22581, 11),
(22581, 12),
(22581, 13),
(22581, 14),
(22581, 15),
(22581, 16),
(22581, 17),
(22581, 18),
(22581, 19),
(22581, 20),
(30559, 1),
(30559, 2),
(30559, 3),
(30559, 4),
(30559, 5),
(30559, 6),
(30559, 7),
(30559, 8),
(30559, 9),
(30559, 10),
(30559, 11),
(30559, 12),
(30559, 13),
(30559, 14),
(30559, 15),
(30559, 16),
(30559, 17),
(30559, 18),
(30559, 19),
(30559, 20),
(75324, 21),
(75324, 22),
(75324, 23),
(75324, 24),
(75324, 25),
(75324, 26),
(75324, 27),
(75324, 28),
(75324, 29),
(75324, 30),
(75324, 31),
(75324, 32),
(75324, 33),
(75324, 34),
(75324, 35),
(75324, 36),
(75324, 37),
(75324, 38),
(75324, 39),
(75324, 40),
(63790, 41),
(63790, 42),
(63790, 43),
(63790, 44),
(63790, 45),
(63790, 46),
(63790, 47),
(63790, 48),
(63790, 49),
(63790, 50),
(63790, 51),
(63790, 52),
(63790, 53),
(63790, 54),
(63790, 55),
(63790, 56),
(63790, 57),
(63790, 58),
(63790, 59),
(63790, 60),
(67766, 61),
(67766, 62),
(67766, 63),
(67766, 64),
(67766, 65),
(67766, 66),
(67766, 67),
(67766, 68),
(67766, 69),
(67766, 70),
(67766, 71),
(67766, 72),
(67766, 73),
(67766, 74),
(67766, 75),
(67766, 76),
(67766, 77),
(67766, 78),
(67766, 79),
(67766, 80),
(69265, 81),
(69265, 82),
(69265, 83),
(69265, 84),
(69265, 85),
(69265, 86),
(69265, 87),
(69265, 88),
(69265, 89),
(69265, 90),
(69265, 91),
(69265, 92),
(69265, 93),
(69265, 94),
(69265, 95),
(69265, 96),
(69265, 97),
(69265, 98),
(69265, 99),
(69265, 100),
(77780, 101),
(77780, 102),
(77780, 103),
(77780, 104),
(77780, 105),
(77780, 106),
(77780, 107),
(77780, 108),
(77780, 109),
(77780, 110),
(77780, 111),
(77780, 112),
(77780, 113),
(77780, 114),
(77780, 115),
(77780, 116),
(77780, 117),
(77780, 118),
(77780, 119),
(77780, 120),
(86038, 121),
(86038, 122),
(86038, 123),
(86038, 124),
(86038, 125),
(86038, 126),
(86038, 127),
(86038, 128),
(86038, 129),
(86038, 130),
(86038, 131),
(86038, 132),
(86038, 133),
(86038, 134),
(86038, 135),
(86038, 136),
(86038, 137),
(86038, 138),
(86038, 139),
(86038, 140),
(92624, 141),
(92624, 142),
(92624, 143),
(92624, 144),
(92624, 145),
(92624, 146),
(92624, 147),
(92624, 148),
(92624, 149),
(92624, 150),
(92624, 151),
(92624, 152),
(92624, 153),
(92624, 154),
(92624, 155),
(92624, 156),
(92624, 157),
(92624, 158),
(92624, 159),
(92624, 160),
(18665, 161),
(18665, 162),
(18665, 163),
(18665, 164),
(18665, 165),
(18665, 166),
(18665, 167),
(18665, 168),
(18665, 169),
(18665, 170),
(18665, 171),
(18665, 172),
(18665, 173),
(18665, 174),
(18665, 1),
(18665, 2),
(18665, 3),
(18665, 4),
(18665, 5),
(18665, 6),
(32492, 1),
(32492, 2),
(32492, 3),
(32492, 4),
(32492, 5),
(32492, 6),
(32492, 7),
(32492, 8),
(32492, 9),
(32492, 10),
(32492, 11),
(32492, 12),
(32492, 13),
(32492, 14),
(32492, 15),
(32492, 16),
(32492, 17),
(32492, 18),
(32492, 19),
(32492, 20),
(25316, 1),
(25316, 2),
(25316, 3),
(25316, 4),
(25316, 5),
(25316, 6),
(25316, 7),
(25316, 8),
(25316, 9),
(25316, 10),
(25316, 11),
(25316, 12),
(25316, 13),
(25316, 14),
(25316, 15),
(25316, 16),
(25316, 17),
(25316, 18),
(25316, 19),
(25316, 20),
(37046, 21),
(37046, 22),
(37046, 23),
(37046, 24),
(37046, 25),
(37046, 26),
(37046, 27),
(37046, 28),
(37046, 29),
(37046, 30),
(37046, 31),
(37046, 32),
(37046, 33),
(37046, 34),
(37046, 35),
(37046, 36),
(37046, 37),
(37046, 38),
(37046, 39),
(37046, 40),
(15593, 41),
(15593, 42),
(15593, 43),
(15593, 44),
(15593, 45),
(15593, 46),
(15593, 47),
(15593, 48),
(15593, 49),
(15593, 50),
(15593, 51),
(15593, 52),
(15593, 53),
(15593, 54),
(15593, 55),
(15593, 56),
(15593, 57),
(15593, 58),
(15593, 59),
(15593, 60),
(67591, 61),
(67591, 62),
(67591, 63),
(67591, 64),
(67591, 65),
(67591, 66),
(67591, 67),
(67591, 68),
(67591, 69),
(67591, 70),
(67591, 71),
(67591, 72),
(67591, 73),
(67591, 74),
(67591, 75),
(67591, 76),
(67591, 77),
(67591, 78),
(67591, 79),
(67591, 80),
(54932, 81),
(54932, 82),
(54932, 83),
(54932, 84),
(54932, 85),
(54932, 86),
(54932, 87),
(54932, 88),
(54932, 89),
(54932, 90),
(54932, 91),
(54932, 92),
(54932, 93),
(54932, 94),
(54932, 95),
(54932, 96),
(54932, 97),
(54932, 98),
(54932, 99),
(54932, 100),
(89415, 101),
(89415, 102),
(89415, 103),
(89415, 104),
(89415, 105),
(89415, 106),
(89415, 107),
(89415, 108),
(89415, 109),
(89415, 110),
(89415, 111),
(89415, 112),
(89415, 113),
(89415, 114),
(89415, 115),
(89415, 116),
(89415, 117),
(89415, 118),
(89415, 119),
(89415, 120),
(14682, 121),
(14682, 122),
(14682, 123),
(14682, 124),
(14682, 125),
(14682, 126),
(14682, 127),
(14682, 128),
(14682, 129),
(14682, 130),
(14682, 131),
(14682, 132),
(14682, 133),
(14682, 134),
(14682, 135),
(14682, 136),
(14682, 137),
(14682, 138),
(14682, 139),
(14682, 140),
(52527, 141),
(52527, 142),
(52527, 143),
(52527, 144),
(52527, 145),
(52527, 146),
(52527, 147),
(52527, 148),
(52527, 149),
(52527, 150),
(52527, 151),
(52527, 152),
(52527, 153),
(52527, 154),
(52527, 155),
(52527, 156),
(52527, 157),
(52527, 158),
(52527, 159),
(52527, 160),
(59355, 161),
(59355, 162),
(59355, 163),
(59355, 164),
(59355, 165),
(59355, 166),
(59355, 167),
(59355, 168),
(59355, 169),
(59355, 170),
(59355, 171),
(59355, 172),
(59355, 173),
(59355, 174),
(59355, 1),
(59355, 2),
(59355, 3),
(59355, 4),
(59355, 5),
(59355, 6),
(25409, 1),
(25409, 2),
(25409, 3),
(25409, 4),
(25409, 5),
(25409, 6),
(25409, 7),
(25409, 8),
(25409, 9),
(25409, 10),
(25409, 11),
(25409, 12),
(25409, 13),
(25409, 14),
(25409, 15),
(25409, 16),
(25409, 17),
(25409, 18),
(25409, 19),
(25409, 20),
(32872, 1),
(32872, 2),
(32872, 3),
(32872, 4),
(32872, 5),
(32872, 6),
(32872, 7),
(32872, 8),
(32872, 9),
(32872, 10),
(32872, 11),
(32872, 12),
(32872, 13),
(32872, 14),
(32872, 15),
(32872, 16),
(32872, 17),
(32872, 18),
(32872, 19),
(32872, 20),
(73959, 21),
(73959, 22),
(73959, 23),
(73959, 24),
(73959, 25),
(73959, 26),
(73959, 27),
(73959, 28),
(73959, 29),
(73959, 30),
(73959, 31),
(73959, 32),
(73959, 33),
(73959, 34),
(73959, 35),
(73959, 36),
(73959, 37),
(73959, 38),
(73959, 39),
(73959, 40),
(41463, 41),
(41463, 42),
(41463, 43),
(41463, 44),
(41463, 45),
(41463, 46),
(41463, 47),
(41463, 48),
(41463, 49),
(41463, 50),
(41463, 51),
(41463, 52),
(41463, 53),
(41463, 54),
(41463, 55),
(41463, 56),
(41463, 57),
(41463, 58),
(41463, 59),
(41463, 60),
(40670, 61),
(40670, 62),
(40670, 63),
(40670, 64),
(40670, 65),
(40670, 66),
(40670, 67),
(40670, 68),
(40670, 69),
(40670, 70),
(40670, 71),
(40670, 72),
(40670, 73),
(40670, 74),
(40670, 75),
(40670, 76),
(40670, 77),
(40670, 78),
(40670, 79),
(40670, 80),
(89099, 81),
(89099, 82),
(89099, 83),
(89099, 84),
(89099, 85),
(89099, 86),
(89099, 87),
(89099, 88),
(89099, 89),
(89099, 90),
(89099, 91),
(89099, 92),
(89099, 93),
(89099, 94),
(89099, 95),
(89099, 96),
(89099, 97),
(89099, 98),
(89099, 99),
(89099, 100),
(42243, 101),
(42243, 102),
(42243, 103),
(42243, 104),
(42243, 105),
(42243, 106),
(42243, 107),
(42243, 108),
(42243, 109),
(42243, 110),
(42243, 111),
(42243, 112),
(42243, 113),
(42243, 114),
(42243, 115),
(42243, 116),
(42243, 117),
(42243, 118),
(42243, 119),
(42243, 120),
(24223, 121),
(24223, 122),
(24223, 123),
(24223, 124),
(24223, 125),
(24223, 126),
(24223, 127),
(24223, 128),
(24223, 129),
(24223, 130),
(24223, 131),
(24223, 132),
(24223, 133),
(24223, 134),
(24223, 135),
(24223, 136),
(24223, 137),
(24223, 138),
(24223, 139),
(24223, 140),
(25504, 141),
(25504, 142),
(25504, 143),
(25504, 144),
(25504, 145),
(25504, 146),
(25504, 147),
(25504, 148),
(25504, 149),
(25504, 150),
(25504, 151),
(25504, 152),
(25504, 153),
(25504, 154),
(25504, 155),
(25504, 156),
(25504, 157),
(25504, 158),
(25504, 159),
(25504, 160),
(52975, 161),
(52975, 162),
(52975, 163),
(52975, 164),
(52975, 165),
(52975, 166),
(52975, 167),
(52975, 168),
(52975, 169),
(52975, 170),
(52975, 171),
(52975, 172),
(52975, 173),
(52975, 174),
(52975, 1),
(52975, 2),
(52975, 3),
(52975, 4),
(52975, 5),
(52975, 6),
(15615, 1),
(15615, 2),
(15615, 3),
(15615, 4),
(15615, 5),
(15615, 6),
(15615, 7),
(15615, 8),
(15615, 9),
(15615, 10),
(15615, 11),
(15615, 12),
(15615, 13),
(15615, 14),
(15615, 15),
(15615, 16),
(15615, 17),
(15615, 18),
(15615, 19),
(15615, 20);

-- --------------------------------------------------------

--
-- Table structure for table `komponenta`
--

CREATE TABLE IF NOT EXISTS `komponenta` (
  `idkomponenta` int(11) NOT NULL,
  `ime_proizvodjaca` varchar(45) NOT NULL,
  `tip_komponente` enum('Grafička kartica','Monitor','RAM','Hard disk','DVD-ROM','Matična ploča','Procesor') NOT NULL,
  `ime` varchar(45) DEFAULT NULL,
  `kolicina_memorije` varchar(45) DEFAULT NULL,
  `dimenzija` varchar(45) DEFAULT NULL,
  `tip` varchar(45) DEFAULT NULL,
  `kapacitet` varchar(45) DEFAULT NULL,
  `brzina_obrtaja` varchar(45) DEFAULT NULL,
  `brzina` varchar(45) DEFAULT NULL,
  `cipset` varchar(45) DEFAULT NULL,
  `frekvencija` varchar(45) DEFAULT NULL,
  `broj_jezgara` varchar(45) DEFAULT NULL,
  `racunar_idracunara` int(11) NOT NULL,
  PRIMARY KEY (`idkomponenta`),
  KEY `fk_komponenta_racunar_idracunara_idx` (`racunar_idracunara`)
) ENGINE=InnoDB DEFAULT CHARSET=utf8;

--
-- Dumping data for table `komponenta`
--

INSERT INTO `komponenta` (`idkomponenta`, `ime_proizvodjaca`, `tip_komponente`, `ime`, `kolicina_memorije`, `dimenzija`, `tip`, `kapacitet`, `brzina_obrtaja`, `brzina`, `cipset`, `frekvencija`, `broj_jezgara`, `racunar_idracunara`) VALUES
(472, 'Nvidia', 'Grafička kartica', 'Nvidia GeForce RTX 3060 Ti', '8GB GDDR6', '', '', '', '', '', '', '', '', 40526),
(638, 'MSI ', 'Monitor', '', '', '27', '', '', '', '', '', '', '', 87863),
(666, 'NVIDIA', 'Grafička kartica', 'NVIDIA GX ', '4 GB GDDR3', NULL, NULL, NULL, NULL, NULL, NULL, NULL, NULL, 46175),
(738, 'CrossLCD', 'Monitor', '', '', '32', '', '', '', '', '', '', '', 3935),
(835, 'MSI ', 'Monitor', '', '', '34', '', '', '', '', '', '', '', 81873),
(874, 'Nvidia', 'Grafička kartica', 'Intel UHD Graphics 630 (i7-10700K)', '2x8GB DDR4-3200', '', '', '', '', '', '', '', '', 59355),
(1037, 'Samsung', 'RAM', '', '', '', 'DDR3', '4', '', '', '', '', '', 2986),
(1041, 'Kingston', 'RAM', '', '', '', 'DDR2', '2', '', '', '', '', '', 52512),
(1159, 'Asus ', 'Monitor', '', '', '27', '', '', '', '', '', '', '', 97823),
(1184, 'AMD', 'Procesor', 'AMD Ryzen 5 5600X', '', '', '', '', '', '', '', '3.7', '6', 68309),
(1272, 'Intel', 'Procesor', 'Intel Core i7-11700K', '', '', '', '', '', '', '', '3.6', '8', 98605),
(1398, 'AMD ', 'Procesor', 'AMD Ryzen 5 2604', '', '', '', '', '', '', '', '3.4', '6', 32492),
(1408, 'AMD', 'Grafička kartica', 'AMD Radeon RX 6700 XT', '12GB GDDR6', '', '', '', '', '', '', '', '', 83107),
(1496, 'Intel ', 'Procesor', 'Intel Core i5-10600K', '', '', '', '', '', '', '', '4.1', '6', 48805),
(1544, 'Samsung', 'RAM', '', '', '', 'DDR2', '16', '', '', '', '', '', 77780),
(1664, 'Intel ', 'Procesor', 'Intel Core i7-7703', '', '', '', '', '', '', '', '3.6', '4', 67766),
(1744, 'Niexus', 'Monitor', '', '', '27', '', '', '', '', '', '', '', 15593),
(1786, 'AMD', 'Procesor', 'AMD Ryzen 5 5600X', '', '', '', '', '', '', '', '3.7', '6', 4944),
(1848, 'HP', 'DVD-ROM', '', '', '', '', '', '', '239', '', '', '', 77893),
(1921, 'AMD', 'Grafička kartica', 'AMD Radeon RX 6800 XT', '16GB GDDR6', '', '', '', '', '', '', '', '', 26177),
(2015, 'Plextor', 'DVD-ROM', '', '', '', '', '', '', '199', '', '', '', 38807),
(2030, 'Asus', 'DVD-ROM', '', '', '', '', '', '', '160', '', '', '', 34207),
(2122, 'Nvidia', 'Grafička kartica', 'Nvidia GeForce GTX 1080 Ti', '11GB GDDR5X', '', '', '', '', '', '', '', '', 97520),
(2126, 'AMD ', 'Procesor', 'AMD Ryzen 3 3100', '', '', '', '', '', '', '', '3.8', '4', 48767),
(2208, 'MEGAZ', 'Hard disk', '', '', '', '', '3000', '7200', '', '', '', '', 52527),
(2404, 'AMD ', 'Procesor', 'AMD Ryzen 9 3950X', '', '', '', '', '', '', '', '3.5', '16', 95711),
(2481, 'EVM', 'RAM', '', '', '', 'DDR4', '16', '', '', '', '', '', 25504),
(2563, 'Intel', 'Procesor', 'Intel Core i9-11900K', '', '', '', '', '', '', '', '3.5', '8', 97088),
(2686, 'SK Hynix', 'RAM', '', '', '', 'DDR3', '4', '', '', '', '', '', 34207),
(2695, 'Asus ', 'Monitor', '', '', '27', '', '', '', '', '', '', '', 97088),
(2759, 'Adata', 'RAM', '', '', '', 'DDR4', '4', '', '', '', '', '', 30876),
(2934, 'Nvidia', 'Grafička kartica', 'Nvidia Titan V', '12GB HBM2', '', '', '', '', '', '', '', '', 92652),
(2992, 'Seagate ', 'Hard disk', '', '', '', '', '2000', '7200', '', '', '', '', 86211),
(3011, 'AMD', 'Grafička kartica', 'AMD Radeon RX 5700 XT', '8GB GDDR6', '', '', '', '', '', '', '', '', 65863),
(3017, 'Nvidia', 'Grafička kartica', 'Nvidia GeForce RTX 3080 Ti', '12GB GDDR6X', '', '', '', '', '', '', '', '', 95566),
(3028, 'Intel', 'Matična ploča', '', '', '', '', '', '', '', 'B460', '', '', 23347),
(3162, 'MSI ', 'Monitor', '', '', '27', '', '', '', '', '', '', '', 12458),
(3200, 'MEGAZ', 'Hard disk', '', '', '', '', '3000', '7200', '', '', '', '', 89415),
(3338, 'G.Skill', 'RAM', '', '', '', 'DDR2', '16', '', '', '', '', '', 58116),
(3346, 'Nvidia', 'Grafička kartica', 'Nvidia GeForce RTX 3080 Ti', '12GB GDDR6X', '', '', '', '', '', '', '', '', 95832),
(3391, 'Nvidia', 'Grafička kartica', 'Intel UHD Graphics 630 (i7-10700K)', '2x8GB DDR4-3200', '', '', '', '', '', '', '', '', 14682),
(3446, 'Intel ', 'Procesor', 'Intel Core i7-7800X', '', '', '', '', '', '', '', '3.5', '6', 54932),
(3741, 'AMD', 'Matična ploča', '', '', '', '', '', '', '', 'A300', '', '', 7056),
(3825, 'AMD', 'Grafička kartica', 'AMD Radeon RX 6700 XT', '12GB GDDR6', '', '', '', '', '', '', '', '', 84598),
(3826, 'Nvidia', 'Grafička kartica', 'Nvidia GeForce RTX 2060 Super', '8GB GDDR6', '', '', '', '', '', '', '', '', 60629),
(3936, 'Kingston', 'RAM', '', '', '', 'DDR4', '8', '', '', '', '', '', 19157),
(4222, 'Zoran', 'DVD-ROM', '', '', '', '', '', '', '161', '', '', '', 52527),
(4234, 'Toshiba ', 'Hard disk', '', '', '', '', '8000', '7200', '', '', '', '', 55899),
(4237, 'ViewSonic', 'Monitor', '', '', '24', '', '', '', '', '', '', '', 96426),
(4269, 'Gigabyte', 'Matična ploča', '', '', '', '', '', '', '', 'H570', '', '', 84475),
(4329, 'MaxDigitalData', 'Hard disk', '', '', '', '', '1000', '7200', '', '', '', '', 92624),
(4350, 'Gigabyte', 'Matična ploča', '', '', '', '', '', '', '', 'H570', '', '', 92426),
(4377, 'Kingston', 'RAM', '', '', '', 'DDR2', '2', '', '', '', '', '', 99345),
(4422, 'WP', 'Hard disk', '', '', '', '', '12000', '7200', '', '', '', '', 63348),
(4517, 'Nvidia', 'Grafička kartica', 'Nvidia GeForce RTX 3060 Ti', '8GB GDDR6', '', '', '', '', '', '', '', '', 84475),
(4582, 'AMD', 'Matična ploča', '', '', '', '', '', '', '', 'A300', '', '', 31651),
(4604, 'AMD', 'Matična ploča', '', '', '', '', '', '', '', 'X570', '', '', 86904),
(4612, 'Acer ', 'Monitor', '', '', '43', '', '', '', '', '', '', '', 12558),
(4983, 'G-Technology', 'Hard disk', '', '', '', '', '4000', '5400', '', '', '', '', 93624),
(5019, 'AMD', 'Matična ploča', '', '', '', '', '', '', '', 'B550', '', '', 74760),
(5031, 'Nvidia', 'Grafička kartica', 'Nvidia Titan V', '12GB HBM2', '', '', '', '', '', '', '', '', 79898),
(5462, 'Zion', 'RAM', '', '', '', 'DDR4', '4', '', '', '', '', '', 74760),
(5469, 'Stargate', 'Hard disk', '', '', '', '', '14000', '7200', '', '', '', '', 1523),
(5474, 'Stargate', 'Hard disk', '', '', '', '', '14000', '7200', '', '', '', '', 37646),
(5497, 'Intel ', 'Procesor', 'Intel Core i7-7700K', '', '', '', '', '', '', '', '4.2', '4', 35979),
(5513, 'SK Hynix', 'RAM', '', '', '', 'DDR2', '2', '', '', '', '', '', 69808),
(5537, 'AMD', 'Matična ploča', '', '', '', '', '', '', '', 'B450', '', '', 33975),
(5613, 'SK Hynix', 'RAM', '', '', '', 'DDR3', '4', '', '', '', '', '', 22852),
(5709, 'Nvidia', 'Grafička kartica', 'Nvidia Titan RTX', '24GB GDDR6', '', '', '', '', '', '', '', '', 23347),
(5843, 'A-DATA', 'RAM', '', '', '', 'DDR3', '8', '', '', '', '', '', 7056),
(5976, 'WD', 'Hard disk', '', '', '', '', '3000', '7200', '', '', '', '', 23347),
(6049, 'Golden Hawk', 'DVD-ROM', '', '', '', '', '', '', '162', '', '', '', 5733),
(6088, 'Kingston', 'RAM', '', '', '', 'DDR3', '8', '', '', '', '', '', 40670),
(6152, 'I/O Magic', 'DVD-ROM', '', '', '', '', '', '', '206', '', '', '', 40326),
(6292, 'AMD ', 'Procesor', 'AMD Ryzen 5 2600X', '', '', '', '', '', '', '', '3.6', '6', 64575),
(6308, 'ASRock', 'Matična ploča', '', '', '', '', '', '', '', 'A520', '', '', 15593),
(6368, 'HP', 'DVD-ROM', '', '', '', '', '', '', '239', '', '', '', 84598),
(6445, 'MEGAZ', 'Hard disk', '', '', '', '', '500', '5400', '', '', '', '', 28593),
(6657, 'MEGAZ', 'Hard disk', '', '', '', '', '3000', '7200', '', '', '', '', 75324),
(6666, 'Nvidia', 'Grafička kartica', 'Nvidia GeForce RTX 3070 Ti', '8GB GDDR6X', '', '', '', '', '', '', '', '', 6728),
(6794, 'Intel', 'Matična ploča', '', '', '', '', '', '', '', 'Z590', '', '', 52512),
(6826, 'SK Hynix', 'RAM', '', '', '', 'DDR2', '2', '', '', '', '', '', 26177),
(6884, 'G.Skill', 'RAM', '', '', '', 'DDR2', '16', '', '', '', '', '', 52887),
(6886, 'AMD', 'Matična ploča', '', '', '', '', '', '', '', 'X470', '', '', 60959),
(6992, 'CrossLCD', 'Monitor', '', '', '32', '', '', '', '', '', '', '', 66365),
(7020, 'AMD', 'Grafička kartica', 'AMD Radeon RX 5700', '8GB GDDR6', '', '', '', '', '', '', '', '', 66365),
(7093, 'LG', 'DVD-ROM', '', '', '', '', '', '', '160', '', '', '', 86211),
(7261, 'Samsung ', 'Monitor', '', '', '49', '', '', '', '', '', '', '', 18996),
(7313, 'Samsung', 'RAM', '', '', '', 'DDR2', '16', '', '', '', '', '', 92624),
(7354, 'OWC', 'Hard disk', '', '', '', '', '240', '5400', '', '', '', '', 93515),
(7419, 'Nvidia', 'Grafička kartica', 'Nvidia GeForce RTX 3060 12GB', '12GB GDDR7', '', '', '', '', '', '', '', '', 77350),
(7488, 'Toshiba ', 'Hard disk', '', '', '', '', '500', '5400', '', '', '', '', 60629),
(7521, 'Kingston', 'RAM', '', '', '', 'DDR2', '2', '', '', '', '', '', 17976),
(7642, 'AMD ', 'Procesor', 'AMD Ryzen 5 2600X', '', '', '', '', '', '', '', '3.6', '6', 44971),
(7732, 'MSI ', 'Monitor', '', '', '34', '', '', '', '', '', '', '', 47586),
(7757, 'HP', 'Monitor', '', '', '24', '', '', '', '', '', '', '', 27286),
(7844, 'Toshiba ', 'Hard disk', '', '', '', '', '4000', '7200', '', '', '', '', 22852),
(7956, 'Seagate ', 'Hard disk', '', '', '', '', '14000', '10000', '', '', '', '', 69808),
(7958, 'Kingston', 'RAM', '', '', '', 'DDR3', '4', '', '', '', '', '', 63670),
(7992, 'AMD', 'Matična ploča', '', '', '', '', '', '', '', 'X470', '', '', 42596),
(7994, 'Toshiba', 'DVD-ROM', '', '', '', '', '', '', '205', '', '', '', 32492),
(8061, 'Simmtronics', 'RAM', '', '', '', 'DDR3', '2', '', '', '', '', '', 83107),
(8161, 'Viotek', 'Monitor', '', '', '49', '', '', '', '', '', '', '', 24223),
(8214, 'Nvidia', 'Grafička kartica', 'Nvidia GeForce RTX 3060 Ti', '8GB GDDR6', '', '', '', '', '', '', '', '', 92426),
(8236, 'Asus', 'DVD-ROM', '', '', '', '', '', '', '160', '', '', '', 95832),
(8250, 'Toshiba ', 'Hard disk', '', '', '', '', '8000', '7200', '', '', '', '', 60959),
(8257, 'Sony', 'DVD-ROM', '', '', '', '', '', '', '161', '', '', '', 22581),
(8289, 'Seagate ', 'Hard disk', '', '', '', '', '500', '5400', '', '', '', '', 6728),
(8463, 'Yamaha', 'DVD-ROM', '', '', '', '', '', '', '210', '', '', '', 40670),
(8478, 'Zoran', 'DVD-ROM', '', '', '', '', '', '', '161', '', '', '', 14682),
(8541, 'Asus', 'Matična ploča', '', '', '', '', '', '', '', 'Z390', '', '', 66365),
(8589, 'A-DATA', 'RAM', '', '', '', 'DDR3', '8', '', '', '', '', '', 16632),
(8595, 'Intel ', 'Procesor', 'Intel Core i9-7900X', '', '', '', '', '', '', '', '3.3', '10', 49973),
(8695, 'Intel', 'Matična ploča', '', '', '', '', '', '', '', 'H370', '', '', 63348),
(8709, 'WP', 'Hard disk', '', '', '', '', '12000', '7200', '', '', '', '', 40290),
(8745, 'AMD', 'Grafička kartica', 'AMD Radeon RX 5600 XT', '6GB GDDR6', '', '', '', '', '', '', '', '', 92624),
(8751, 'Intel ', 'Procesor', 'Intel Core i7-7800X', '', '', '', '', '', '', '', '3.5', '6', 32872),
(8874, 'Kingston', 'RAM', '', '', '', 'DDR3', '8', '', '', '', '', '', 32872),
(8992, 'Intel', 'Matična ploča', '', '', '', '', '', '', '', 'Z490', '', '', 98605),
(9017, 'AMD ', 'Procesor', 'AMD Threadripper 1900X (GM)', '', '', '', '', '', '', '', '3.8', '8', 25959),
(9040, 'Intel ', 'Procesor', 'Intel Core i7-7800X', '', '', '', '', '', '', '', '3.5', '6', 25316),
(9168, 'AMD ', 'Procesor', 'AMD Ryzen 7 2700X', '', '', '', '', '', '', '', '3.7', '8', 40326),
(9237, 'Nvidia', 'Grafička kartica', 'Nvidia GeForce RTX 3090', '24GB GDDR6X', '', '', '', '', '', '', '', '', 11393),
(9384, 'Zion', 'RAM', '', '', '', 'DDR4', '4', '', '', '', '', '', 83348),
(9411, 'AMD ', 'Procesor', 'AMD Threadripper 2990WX (GM)', '', '', '', '', '', '', '', '3', '32', 10239),
(9601, 'WP', 'Hard disk', '', '', '', '', '12000', '7200', '', '', '', '', 83107),
(9723, 'Transcend', 'RAM', '', '', '', 'DDR3', '8', '', '', '', '', '', 40326),
(9732, 'Sony', 'DVD-ROM', '', '', '', '', '', '', '161', '', '', '', 50687),
(9860, 'Viotek', 'Monitor', '', '', '49', '', '', '', '', '', '', '', 52527),
(9896, 'AMD', 'Matična ploča', '', '', '', '', '', '', '', 'A520', '', '', 6312),
(10025, 'Kanguru', 'DVD-ROM', '', '', '', '', '', '', '181', '', '', '', 86904),
(10098, 'AMD', 'Grafička kartica', 'AMD Radeon RX 6900 XT', '16GB GDDR6', '', '', '', '', '', '', '', '', 93207),
(10214, 'Intel', 'Matična ploča', '', '', '', '', '', '', '', 'B460', '', '', 35812),
(10231, 'Intel', 'Matična ploča', '', '', '', '', '', '', '', 'H510', '', '', 20665),
(10251, 'LG', 'DVD-ROM', '', '', '', '', '', '', '160', '', '', '', 63545),
(10354, 'Zoran', 'DVD-ROM', '', '', '', '', '', '', '161', '', '', '', 59355),
(10390, 'AMD', 'Procesor', 'AMD Ryzen 5 5600X', '', '', '', '', '', '', '', '3.7', '6', 26177),
(10532, 'Stargate', 'Hard disk', '', '', '', '', '14000', '7200', '', '', '', '', 63999),
(10587, 'AMD', 'Procesor', 'AMD Ryzen 7 5800X', '', '', '', '', '', '', '', '3.8', '8', 75258),
(10772, 'Asus ', 'Monitor', '', '', '27', '', '', '', '', '', '', '', 37646),
(10783, 'LITE-ON', 'DVD-ROM', '', '', '', '', '', '', '139', '', '', '', 68627),
(10830, 'SK Hynix', 'RAM', '', '', '', 'DDR3', '4', '', '', '', '', '', 97088),
(10859, 'SK Hynix', 'RAM', '', '', '', 'DDR2', '2', '', '', '', '', '', 18996),
(10962, 'Asus', 'DVD-ROM', '', '', '', '', '', '', '160', '', '', '', 51955),
(10994, 'Nvidia', 'Grafička kartica', 'Nvidia GeForce RTX 3080 Ti', '12GB GDDR6X', '', '', '', '', '', '', '', '', 97088),
(11074, 'Seagate ', 'Hard disk', '', '', '', '', '1000', '7200', '', '', '', '', 33210),
(11252, 'Intel', 'Matična ploča', '', '', '', '', '', '', '', 'B365', '', '', 89415),
(11444, 'MSI', 'Matična ploča', '', '', '', '', '', '', '', 'X570', '', '', 67766),
(11445, 'AMD', 'Grafička kartica', 'AMD Radeon RX 6900 XT', '16GB GDDR6', '', '', '', '', '', '', '', '', 96030),
(11484, 'MSI ', 'Monitor', '', '', '34', '', '', '', '', '', '', '', 65863),
(11670, 'G.Skill', 'RAM', '', '', '', 'DDR2', '16', '', '', '', '', '', 81873),
(11762, 'GoldStar', 'DVD-ROM', '', '', '', '', '', '', '163', '', '', '', 95711),
(11858, 'MEGAZ', 'Hard disk', '', '', '', '', '500', '5400', '', '', '', '', 92652),
(11874, 'Intel', 'Matična ploča', '', '', '', '', '', '', '', 'H370', '', '', 84598),
(11974, 'LG UltraGear', 'Monitor', '', '', '38', '', '', '', '', '', '', '', 79898),
(12012, 'LG ', 'Monitor', '', '', '24', '', '', '', '', '', '', '', 48805),
(12031, 'HITACHI', 'Hard disk', '', '', '', '', '120', '7200', '', '', '', '', 95889),
(12109, 'Creative', 'DVD-ROM', '', '', '', '', '', '', '234', '', '', '', 77534),
(12234, 'Intel', 'Procesor', 'Intel W-3175X', '', '', '', '', '', '', '', '3.1', '28', 97132),
(12312, 'LG UltraGear', 'Monitor', '', '', '38', '', '', '', '', '', '', '', 30876),
(12322, 'Intel ', 'Procesor', 'Intel Core i7-7800X', '', '', '', '', '', '', '', '3.5', '6', 40670),
(12343, 'Intel ', 'Procesor', 'Intel Core i7-7800X', '', '', '', '', '', '', '', '3.5', '6', 41463),
(12390, 'HP', 'Monitor', NULL, NULL, '15', NULL, NULL, NULL, NULL, NULL, NULL, NULL, 46175),
(12438, 'EVM', 'RAM', '', '', '', 'DDR4', '16', '', '', '', '', '', 14682),
(12458, 'AMD ', 'Procesor', 'AMD Ryzen 9 5900X', '', '', '', '', '', '', '', '3.7', '12', 7922),
(12460, 'Intel ', 'Procesor', 'Intel Core i5-7600K', '', '', '', '', '', '', '', '3.8', '4', 89415),
(12499, 'AMD', 'Grafička kartica', 'AMD Radeon VII', '16GB HBM2', '', '', '', '', '', '', '', '', 42596),
(12695, 'Transcend', 'RAM', '', '', '', 'DDR3', '8', '', '', '', '', '', 92426),
(12793, 'Nvidia', 'Grafička kartica', 'Nvidia GeForce RTX 3060 Ti', '8GB GDDR6', '', '', '', '', '', '', '', '', 80862),
(12802, 'Acer ', 'Monitor', '', '', '34', '', '', '', '', '', '', '', 46657),
(12872, 'AMD', 'Matična ploča', '', '', '', '', '', '', '', 'TRX40', '', '', 41459),
(13093, 'Nvidia', 'Grafička kartica', 'Nvidia Titan V', '12GB HBM2', '', '', '', '', '', '', '', '', 84809),
(13171, 'MaxDigitalData', 'Hard disk', '', '', '', '', '8000', '7200', '', '', '', '', 64575),
(13198, 'Gigabyte', 'Matična ploča', '', '', '', '', '', '', '', 'Z390', '', '', 623),
(13205, 'InterVideo', 'DVD-ROM', '', '', '', '', '', '', '182', '', '', '', 86728),
(13242, 'ASRock', 'Matična ploča', '', '', '', '', '', '', '', 'A520', '', '', 25316),
(13343, 'Toshiba ', 'Hard disk', '', '', '', '', '8000', '7200', '', '', '', '', 42596),
(13534, 'AMD', 'Matična ploča', '', '', '', '', '', '', '', 'A520', '', '', 96950),
(13561, 'Kingston', 'RAM', '', '', '', 'DDR2', '2', '', '', '', '', '', 63545),
(13563, 'MEGAZ', 'Hard disk', '', '', '', '', '3000', '7200', '', '', '', '', 30559),
(13584, 'Intel ', 'Procesor', 'Intel Core i7-7820X', '', '', '', '', '', '', '', '3.6', '8', 75287),
(13969, 'Simmtronics', 'RAM', '', '', '', 'DDR3', '2', '', '', '', '', '', 71159),
(13984, 'Seagate ', 'Hard disk', '', '', '', '', '6000', '7200', '', '', '', '', 58673),
(14033, 'Nvidia', 'Grafička kartica', 'Nvidia GeForce RTX 3080 Ti', '12GB GDDR6X', '', '', '', '', '', '', '', '', 51955),
(14119, 'AMD ', 'Procesor', 'AMD Threadripper 2990WX (GM)', '', '', '', '', '', '', '', '3', '32', 42382),
(14216, 'Toshiba ', 'Hard disk', '', '', '', '', '8000', '7200', '', '', '', '', 35979),
(14235, 'Intel ', 'Procesor', 'Intel Core i7-7701', '', '', '', '', '', '', '', '3.6', '4', 75324),
(14282, 'Toshiba ', 'Hard disk', '', '', '', '', '4000', '7200', '', '', '', '', 87348),
(14392, 'Nvidia', 'Grafička kartica', 'Intel UHD Graphics 630 (i7-10700K)', '2x8GB DDR4-3200', '', '', '', '', '', '', '', '', 89415),
(14520, 'Intel', 'Matična ploča', '', '', '', '', '', '', '', 'Z590', '', '', 7922),
(14564, 'Intel', 'Matična ploča', '', '', '', '', '', '', '', 'Z370', '', '', 37646),
(14601, 'Nvidia', 'Grafička kartica', 'Nvidia GeForce RTX 3090', '24GB GDDR6X', '', '', '', '', '', '', '', '', 24660),
(14712, 'AMD', 'Grafička kartica', 'AMD Radeon RX 5700 XT', '8GB GDDR6', '', '', '', '', '', '', '', '', 58116),
(14792, 'G.Skill', 'RAM', '', '', '', 'DDR2', '16', '', '', '', '', '', 33975),
(14877, 'Seagate ', 'Hard disk', '', '', '', '', '500', '5400', '', '', '', '', 48460),
(14882, 'OWC', 'Hard disk', '', '', '', '', '240', '5400', '', '', '', '', 35688),
(14899, 'ASRock', 'Matična ploča', '', '', '', '', '', '', '', 'A520', '', '', 73959),
(15218, 'Acer ', 'Monitor', '', '', '34', '', '', '', '', '', '', '', 84598),
(15444, 'AMD ', 'Procesor', 'AMD Ryzen 7 2700X', '', '', '', '', '', '', '', '3.7', '8', 87431),
(15487, 'MaxDigitalData', 'Hard disk', '', '', '', '', '1000', '7200', '', '', '', '', 77780),
(15528, 'Adata', 'RAM', '', '', '', 'DDR4', '4', '', '', '', '', '', 86728),
(15549, 'Intel ', 'Procesor', 'Intel Core i7-7800X', '', '', '', '', '', '', '', '3.5', '6', 73959),
(15613, 'MSI ', 'Monitor', '', '', '34', '', '', '', '', '', '', '', 52887),
(15730, 'HP', 'Monitor', '', '', '24', '', '', '', '', '', '', '', 60629),
(15789, 'AMD ', 'Procesor', 'AMD Ryzen 7 2700X', '', '', '', '', '', '', '', '3.7', '8', 40526),
(15809, 'Intel', 'Matična ploča', '', '', '', '', '', '', '', 'H470', '', '', 58673),
(15818, 'EVM', 'RAM', '', '', '', 'DDR3', '4', '', '', '', '', '', 69265),
(15837, 'AMD', 'Grafička kartica', 'AMD Radeon RX 6800 XT', '16GB GDDR6', '', '', '', '', '', '', '', '', 68309),
(15838, 'Asus', 'DVD-ROM', '', '', '', '', '', '', '160', '', '', '', 72689),
(16026, 'Addonics', 'DVD-ROM', '', '', '', '', '', '', '199', '', '', '', 21709),
(16028, 'Adaptec', 'DVD-ROM', '', '', '', '', '', '', '241', '', '', '', 20665),
(16032, 'Intel', 'Procesor', 'Intel Core i9-11900K', '', '', '', '', '', '', '', '3.5', '8', 50657),
(16055, 'Intel', 'Matična ploča', '', '', '', '', '', '', '', 'B360', '', '', 92652),
(16156, 'Nvidia', 'Grafička kartica', 'Nvidia GeForce RTX 3080', '10GB GDDR6X', '', '', '', '', '', '', '', '', 65614),
(16247, 'Toshiba ', 'Hard disk', '', '', '', '', '6000', '7200', '', '', '', '', 61733),
(16273, 'Iiyama', 'Monitor', '', '', '34', '', '', '', '', '', '', '', 30559),
(16340, 'Asus', 'Matična ploča', '', '', '', '', '', '', '', 'B550', '', '', 72596),
(16426, 'Intel ', 'Procesor', 'Intel Core i5-10600K', '', '', '', '', '', '', '', '4.1', '6', 37694),
(16436, 'Intel ', 'Procesor', 'Intel Core i9-7980XE', '', '', '', '', '', '', '', '2.6', '18', 46622),
(16567, 'Nvidia', 'Grafička kartica', 'Nvidia GeForce RTX 3070 Ti', '8GB GDDR6X', '', '', '', '', '', '', '', '', 52370),
(16700, 'Intel', 'Matična ploča', '', '', '', '', '', '', '', 'H410', '', '', 30650),
(16740, 'HP', 'RAM', '', '', '', 'DDR3', '4', '', '', '', '', '', 22581),
(16872, 'Creative', 'DVD-ROM', '', '', '', '', '', '', '234', '', '', '', 35812),
(16941, 'Seagate ', 'Hard disk', '', '', '', '', '500', '5400', '', '', '', '', 30650),
(16954, 'Alienware', 'Monitor', '', '', '55', '', '', '', '', '', '', '', 68309),
(17069, 'Corsair', 'RAM', '', '', '', 'DDR3', '8', '', '', '', '', '', 86904),
(17198, 'Corsair', 'RAM', '', '', '', 'DDR3', '8', '', '', '', '', '', 17143),
(17201, 'AMD ', 'Procesor', 'AMD Ryzen 9 5900X', '', '', '', '', '', '', '', '3.7', '12', 20982),
(17250, 'Stargate', 'Hard disk', '', '', '', '', '14000', '7200', '', '', '', '', 35317),
(17260, 'Adata', 'RAM', '', '', '', 'DDR4', '4', '', '', '', '', '', 79898),
(17284, 'Intel', 'Matična ploča', '', '', '', '', '', '', '', 'B460', '', '', 48805),
(17360, 'Intel ', 'Procesor', 'Intel Core i3-10103', '', '', '', '', '', '', '', '3.6', '4', 63348),
(17390, 'AMD', 'Matična ploča', '', '', '', '', '', '', '', 'A520', '', '', 48303),
(17534, 'AMD ', 'Procesor', 'AMD Ryzen 9 3950X', '', '', '', '', '', '', '', '3.5', '16', 93195),
(17560, 'Intel ', 'Procesor', 'Intel Core i5-10600K', '', '', '', '', '', '', '', '4.1', '6', 52351),
(17624, 'Yamaha', 'DVD-ROM', '', '', '', '', '', '', '210', '', '', '', 15593),
(17688, 'Asus', 'Matična ploča', '', '', '', '', '', '', '', 'B550', '', '', 97520),
(17750, 'Asus ', 'Monitor', '', '', '43', '', '', '', '', '', '', '', 63670),
(17765, 'Intel', 'Matična ploča', '', '', '', '', '', '', '', 'B365', '', '', 25409),
(17819, 'Transcend', 'RAM', '', '', '', 'DDR3', '4', '', '', '', '', '', 60959),
(17829, 'Panasonic', 'DVD-ROM', '', '', '', '', '', '', '164', '', '', '', 83348),
(17919, 'AMD ', 'Procesor', 'AMD Threadripper 2990WX (GM)', '', '', '', '', '', '', '', '3', '32', 83348),
(18061, 'Seagate ', 'Hard disk', '', '', '', '', '6000', '7200', '', '', '', '', 97132),
(18090, 'Sanyo', 'DVD-ROM', '', '', '', '', '', '', '225', '', '', '', 7056),
(18167, 'Seagate ', 'Hard disk', '', '', '', '', '2000', '7200', '', '', '', '', 20982),
(18212, 'Intel', 'Procesor', 'Intel Core i7-11700K', '', '', '', '', '', '', '', '3.6', '8', 65614),
(18298, 'Pioneer', 'DVD-ROM', '', '', '', '', '', '', '201', '', '', '', 58116),
(18305, 'Dell ', 'Monitor', '', '', '27', '', '', '', '', '', '', '', 98605),
(18356, 'Seagate ', 'Hard disk', '', '', '', '', '2000', '7200', '', '', '', '', 7922),
(18435, 'Simmtronics', 'RAM', '', '', '', 'DDR3', '2', '', '', '', '', '', 84809),
(18501, 'Intel', 'Matična ploča', '', '', '', '', '', '', '', 'H370', '', '', 99694),
(18533, 'Gigabyte', 'Matična ploča', '', '', '', '', '', '', '', 'Z390', '', '', 95832),
(18551, 'Intel', 'Procesor', 'Intel Core i9-11900K', '', '', '', '', '', '', '', '3.5', '8', 87348),
(18563, 'Asus', 'Matična ploča', '', '', '', '', '', '', '', 'Z390', '', '', 32484),
(18685, 'LG Electronics', 'DVD-ROM', '', '', '', '', '', '', '233', '', '', '', 49973),
(18711, 'Intel ', 'Procesor', 'Intel Core i5-10600K', '', '', '', '', '', '', '', '4.1', '6', 34616),
(18923, 'Intel', 'Matična ploča', '', '', '', '', '', '', '', 'Z590', '', '', 63545),
(18947, 'Niexus', 'Monitor', '', '', '27', '', '', '', '', '', '', '', 41463),
(19133, 'Nvidia', 'Grafička kartica', 'Nvidia GeForce RTX 3080 Ti', '12GB GDDR6X', '', '', '', '', '', '', '', '', 50657),
(19356, 'Nvidia', 'Grafička kartica', 'Nvidia Titan RTX', '24GB GDDR6', '', '', '', '', '', '', '', '', 7314),
(19370, 'Intel ', 'Procesor', 'Intel Core i3-10100', '', '', '', '', '', '', '', '3.6', '4', 40290),
(19458, 'Nvidia', 'Grafička kartica', 'Intel UHD Graphics 630 (i7-10700K)', '2x8GB DDR4-3200', '', '', '', '', '', '', '', '', 25409),
(19488, 'Sigma Designs', 'DVD-ROM', '', '', '', '', '', '', '235', '', '', '', 3935),
(19554, 'I/O Magic', 'DVD-ROM', '', '', '', '', '', '', '206', '', '', '', 80862),
(19604, 'Creative', 'DVD-ROM', '', '', '', '', '', '', '234', '', '', '', 51498),
(19705, 'WP', 'Hard disk', '', '', '', '', '6000', '7200', '', '', '', '', 3935),
(19727, 'AMD', 'Grafička kartica', 'AMD Radeon RX 6800 XT', '16GB GDDR6', '', '', '', '', '', '', '', '', 20665),
(19834, 'Nvidia', 'Grafička kartica', 'Nvidia GeForce RTX 3080 Ti', '12GB GDDR6X', '', '', '', '', '', '', '', '', 623),
(19871, 'Simmtronics', 'RAM', '', '', '', 'DDR3', '2', '', '', '', '', '', 84598),
(19902, 'LG ', 'Monitor', '', '', '24', '', '', '', '', '', '', '', 26767),
(19931, 'Transcend', 'RAM', '', '', '', 'DDR3', '4', '', '', '', '', '', 42596),
(19978, 'Intel', 'Matična ploča', '', '', '', '', '', '', '', 'B460', '', '', 77534),
(19981, 'I/O Magic', 'DVD-ROM', '', '', '', '', '', '', '206', '', '', '', 92426),
(20005, 'MaxDigitalData', 'Hard disk', '', '', '', '', '8000', '7200', '', '', '', '', 96950),
(20035, 'Nvidia', 'Grafička kartica', 'Nvidia GeForce RTX 3070 Ti', '8GB GDDR6X', '', '', '', '', '', '', '', '', 48460),
(20270, 'Iiyama', 'Monitor', '', '', '34', '', '', '', '', '', '', '', 63790),
(20427, 'Gigabyte', 'Matična ploča', '', '', '', '', '', '', '', 'Z390', '', '', 34925),
(20487, 'ViewSonic', 'Monitor', '', '', '27', '', '', '', '', '', '', '', 97113),
(20575, 'AMD ', 'Procesor', 'AMD Threadripper 2970WX', '', '', '', '', '', '', '', '3', '24', 31651),
(20592, 'Samsung', 'RAM', '', '', '', 'DDR4', '2', '', '', '', '', '', 7314),
(20691, 'Toshiba ', 'Hard disk', '', '', '', '', '4000', '7200', '', '', '', '', 78046),
(20791, 'Nvidia', 'Grafička kartica', 'Nvidia GeForce RTX 2080 Super', '8GB GDDR6', '', '', '', '', '', '', '', '', 48767),
(20846, 'Nvidia', 'Grafička kartica', 'Nvidia GeForce RTX 2080 Ti', '11GB GDDR6', '', '', '', '', '', '', '', '', 93195),
(20875, 'MEGAZ', 'Hard disk', '', '', '', '', '3000', '7200', '', '', '', '', 42243),
(20897, 'AMD', 'Grafička kartica', 'AMD Radeon VII', '16GB HBM2', '', '', '', '', '', '', '', '', 60959),
(20915, 'Razer', 'Monitor', '', '', '27', '', '', '', '', '', '', '', 79150),
(20970, 'G-Technology', 'Hard disk', '', '', '', '', '4000', '5400', '', '', '', '', 60312),
(20998, 'Intel', 'Matična ploča', '', '', '', '', '', '', '', 'B460', '', '', 34616),
(21046, 'Intel ', 'Procesor', 'Intel Core i7-7704', '', '', '', '', '', '', '', '3.6', '4', 69265),
(21119, 'LITE-ON', 'DVD-ROM', '', '', '', '', '', '', '240', '', '', '', 6312),
(21270, 'Yamaha', 'DVD-ROM', '', '', '', '', '', '', '210', '', '', '', 67591),
(21312, 'Samsung', 'Monitor', NULL, NULL, '62', NULL, NULL, NULL, NULL, NULL, NULL, NULL, 49973),
(21341, 'Intel', 'Matična ploča', '', '', '', '', '', '', '', 'B460', '', '', 37694),
(21392, 'Nvidia', 'Grafička kartica', 'Nvidia GeForce GTX 1080', '8GB GDDR5X', '', '', '', '', '', '', '', '', 54932),
(21420, 'Intel', 'Matična ploča', '', '', '', '', '', '', '', 'H510', '', '', 42399),
(21436, 'Intel ', 'Procesor', 'Intel Core i7-7702', '', '', '', '', '', '', '', '3.6', '4', 63790),
(21491, 'Dell ', 'Monitor', '', '', '27', '', '', '', '', '', '', '', 33210),
(21551, 'AMD', 'Grafička kartica', 'AMD Radeon RX Vega 64', '8GB HBM2', '', '', '', '', '', '', '', '', 69265),
(21598, 'Niexus', 'Monitor', '', '', '27', '', '', '', '', '', '', '', 25316),
(21622, 'Stargate', 'Hard disk', '', '', '', '', '14000', '7200', '', '', '', '', 5733),
(21632, 'Nvidia', 'Grafička kartica', 'Intel UHD Graphics 630 (i7-10700K)', '2x8GB DDR4-3200', '', '', '', '', '', '', '', '', 52527),
(21720, 'AMD ', 'Procesor', 'AMD Threadripper 2950X (GM)', '', '', '', '', '', '', '', '3.5', '16', 47320),
(21722, 'Nvidia', 'Grafička kartica', 'Nvidia GeForce RTX 3070 Ti', '8GB GDDR6X', '', '', '', '', '', '', '', '', 87863),
(21776, 'AMD', 'Grafička kartica', 'AMD Radeon RX 5600 XT', '6GB GDDR6', '', '', '', '', '', '', '', '', 86038),
(21847, 'Nvidia', 'Grafička kartica', 'Nvidia GeForce RTX 2070 Super', '8GB GDDR6', '', '', '', '', '', '', '', '', 44971),
(21952, 'Acer ', 'Monitor', '', '', '34', '', '', '', '', '', '', '', 63348),
(22070, 'Nvidia', 'Grafička kartica', 'Nvidia Titan V', '12GB HBM2', '', '', '', '', '', '', '', '', 30876),
(22078, 'Intel ', 'Procesor', 'Intel Core i7-7820X', '', '', '', '', '', '', '', '3.6', '8', 47586),
(22130, 'Pioneer', 'DVD-ROM', '', '', '', '', '', '', '201', '', '', '', 81873),
(22152, 'AMD ', 'Procesor', 'AMD Ryzen 7 2700X', '', '', '', '', '', '', '', '3.7', '8', 56034),
(22201, 'AMD', 'Matična ploča', '', '', '', '', '', '', '', 'X300', '', '', 2986),
(22227, 'Kingston', 'RAM', '', '', '', 'DDR2', '2', '', '', '', '', '', 7922),
(22262, 'Intel', 'Procesor', 'Intel Core i9-11900K', '', '', '', '', '', '', '', '3.5', '8', 97823),
(22270, 'Toshiba ', 'Hard disk', '', '', '', '', '6000', '7200', '', '', '', '', 17143),
(22452, 'HITACHI', 'Hard disk', '', '', '', '', '120', '7200', '', '', '', '', 84781),
(22471, 'Razer', 'Monitor', '', '', '27', '', '', '', '', '', '', '', 24660),
(22514, 'HITACHI', 'Hard disk', '', '', '', '', '120', '7200', '', '', '', '', 58116),
(22540, 'SK Hynix', 'RAM', '', '', '', 'DDR2', '2', '', '', '', '', '', 49973),
(22654, 'Intel ', 'Procesor', 'Intel Core i7-7820X', '', '', '', '', '', '', '', '3.6', '8', 14521),
(22742, 'Nvidia', 'Grafička kartica', 'Nvidia GeForce RTX 2080 Super', '8GB GDDR6', '', '', '', '', '', '', '', '', 41459),
(22861, 'Seagate ', 'Hard disk', '', '', '', '', '500', '5400', '', '', '', '', 37046),
(22948, 'I/O Magic', 'DVD-ROM', '', '', '', '', '', '', '206', '', '', '', 84475),
(22981, 'Intel', 'Matična ploča', '', '', '', '', '', '', '', 'Z490', '', '', 65614),
(23014, 'Intel ', 'Procesor', 'Intel Core i7-7700K', '', '', '', '', '', '', '', '4.2', '4', 55899),
(23056, 'Nvidia', 'Grafička kartica', 'Nvidia GeForce RTX 3060 12GB', '12GB GDDR8', '', '', '', '', '', '', '', '', 47320),
(23193, 'AMD ', 'Procesor', 'AMD Threadripper 1900X (GM)', '', '', '', '', '', '', '', '3.8', '8', 50687),
(23218, 'Nvidia', 'Grafička kartica', 'Nvidia GeForce GTX 1080 Ti', '11GB GDDR5X', '', '', '', '', '', '', '', '', 35688),
(23281, 'Seagate ', 'Hard disk', '', '', '', '', '2000', '7200', '', '', '', '', 84062),
(23294, 'Corsair', 'RAM', '', '', '', 'DDR3', '8', '', '', '', '', '', 61733),
(23385, 'Toshiba ', 'Hard disk', '', '', '', '', '500', '5400', '', '', '', '', 50687),
(23457, 'Adata', 'RAM', '', '', '', 'DDR4', '2', '', '', '', '', '', 1523),
(23467, 'Intel ', 'Procesor', 'Intel Core i5-7600K', '', '', '', '', '', '', '', '3.8', '4', 24223),
(23493, 'Golden Hawk', 'DVD-ROM', '', '', '', '', '', '', '162', '', '', '', 37646),
(23625, 'Samsung', 'RAM', '', '', '', 'DDR4', '2', '', '', '', '', '', 37694),
(23673, 'Nvidia', 'Grafička kartica', 'Nvidia GeForce RTX 3060 Ti', '8GB GDDR6', '', '', '', '', '', '', '', '', 96426),
(23728, 'Nvidia', 'Grafička kartica', 'Nvidia GeForce GTX 1080 Ti', '11GB GDDR5X', '', '', '', '', '', '', '', '', 23489),
(23737, 'ViewSonic', 'Monitor', '', '', '24', '', '', '', '', '', '', '', 87431),
(23764, 'WD', 'Hard disk', '', '', '', '', '3000', '7200', '', '', '', '', 34616),
(23807, 'Asus ', 'Monitor', '', '', '27', '', '', '', '', '', '', '', 95832),
(23823, 'Nvidia', 'Grafička kartica', 'Nvidia GeForce RTX 3080 Ti', '12GB GDDR6X', '', '', '', '', '', '', '', '', 72689),
(23838, 'Gigabyte', 'Matična ploča', '', '', '', '', '', '', '', 'Z390', '', '', 80761),
(24051, 'Razer', 'Monitor', '', '', '27', '', '', '', '', '', '', '', 20982),
(24053, 'Intel', 'Matična ploča', '', '', '', '', '', '', '', 'B360', '', '', 28593),
(24102, 'Margi', 'DVD-ROM', '', '', '', '', '', '', '190', '', '', '', 60959),
(24115, 'Asus ', 'Monitor', '', '', '27', '', '', '', '', '', '', '', 95566),
(24131, 'Toshiba ', 'Hard disk', '', '', '', '', '4000', '7200', '', '', '', '', 50657),
(24139, 'AMD ', 'Procesor', 'AMD Ryzen 7 4750G*', '', '', '', '', '', '', '', '3.8', '8', 92652),
(24281, 'LG', 'Monitor', '', '', '24', '', '', '', '', '', '', '', 7314),
(24450, 'Intel ', 'Procesor', 'Intel Core i7-7820X', '', '', '', '', '', '', '', '3.6', '8', 65863),
(24504, 'Seagate ', 'Hard disk', '', '', '', '', '2000', '7200', '', '', '', '', 17976),
(24518, 'Stargate', 'Hard disk', '', '', '', '', '1000', '5400', '', '', '', '', 85417),
(24529, 'AMD ', 'Procesor', 'AMD Ryzen 3 3102', '', '', '', '', '', '', '', '3.8', '4', 41459),
(24531, 'Simmtronics', 'RAM', '', '', '', 'DDR3', '2', '', '', '', '', '', 60547),
(24564, 'Seagate ', 'Hard disk', '', '', '', '', '500', '5400', '', '', '', '', 71366),
(24651, 'Acer ', 'Monitor', '', '', '34', '', '', '', '', '', '', '', 71159),
(24716, 'Toshiba ', 'Hard disk', '', '', '', '', '10000', '7200', '', '', '', '', 22958),
(24718, 'ViewSonic', 'Monitor', '', '', '27', '', '', '', '', '', '', '', 68627),
(24778, 'Samsung ', 'Monitor', '', '', '32', '', '', '', '', '', '', '', 38312),
(24904, 'Yamaha', 'DVD-ROM', '', '', '', '', '', '', '210', '', '', '', 37046),
(25234, 'AMD ', 'Procesor', 'AMD Ryzen 7 5700G*', '', '', '', '', '', '', '', '3.8', '38', 88497),
(25252, 'Intel', 'Procesor', 'Intel Core i9-11900K', '', '', '', '', '', '', '', '3.5', '8', 8301),
(25290, 'Porsche ', 'Monitor', '', '', '27', '', '', '', '', '', '', '', 97520),
(25353, 'BenQ ', 'Monitor', '', '', '32', '', '', '', '', '', '', '', 55899),
(25368, 'AMD', 'Procesor', 'AMD Ryzen 5 5600X', '', '', '', '', '', '', '', '3.7', '6', 42399),
(25635, 'Intel', 'Matična ploča', '', '', '', '', '', '', '', 'B560', '', '', 93207),
(25672, 'AMD', 'Matična ploča', '', '', '', '', '', '', '', 'X570', '', '', 61733),
(25771, 'Nvidia', 'Grafička kartica', 'Nvidia GeForce GTX 1080 Ti', '11GB GDDR5X', '', '', '', '', '', '', '', '', 72596),
(25783, 'Seagate ', 'Hard disk', '', '', '', '', '500', '5400', '', '', '', '', 67591),
(25889, 'HP', 'DVD-ROM', '', '', '', '', '', '', '239', '', '', '', 40290),
(25898, 'Acer ', 'Monitor', '', '', '34', '', '', '', '', '', '', '', 40290),
(25938, 'BenQ', 'DVD-ROM', '', '', '', '', '', '', '228', '', '', '', 88497),
(25956, 'Nvidia', 'Grafička kartica', 'Nvidia Titan V', '12GB HBM2', '', '', '', '', '', '', '', '', 28593),
(26018, 'AMD', 'Grafička kartica', 'AMD Radeon VII', '16GB HBM2', '', '', '', '', '', '', '', '', 35979),
(26057, 'Archos', 'DVD-ROM', '', '', '', '', '', '', '160', '', '', '', 16466),
(26103, 'Margi', 'DVD-ROM', '', '', '', '', '', '', '190', '', '', '', 55899),
(26127, 'AMD', 'Matična ploča', '', '', '', '', '', '', '', 'X570', '', '', 46175),
(26163, 'TDK', 'DVD-ROM', '', '', '', '', '', '', '163', '', '', '', 69265),
(26267, 'Intel', 'Grafička kartica', 'Intel UHD Graphics 630 (i7-10700K)', '8GB GDDR5X', '', '', '', '', '', '', '', '', 25504),
(26339, 'Seagate ', 'Hard disk', '', '', '', '', '1000', '7200', '', '', '', '', 21709),
(26496, 'Intel', 'Matična ploča', '', '', '', '', '', '', '', 'B365', '', '', 14682),
(26551, 'AMD', 'Matična ploča', '', '', '', '', '', '', '', 'B450', '', '', 65863),
(26566, 'Viotek', 'Monitor', '', '', '49', '', '', '', '', '', '', '', 59355),
(26599, 'Transcend', 'RAM', '', '', '', 'DDR3', '8', '', '', '', '', '', 15630),
(26635, 'Porsche ', 'Monitor', '', '', '27', '', '', '', '', '', '', '', 42721),
(26750, 'Acer ', 'Monitor', '', '', '43', '', '', '', '', '', '', '', 47320),
(26802, 'MSI', 'Matična ploča', '', '', '', '', '', '', '', 'X570', '', '', 30559),
(26963, 'Yamaha', 'DVD-ROM', '', '', '', '', '', '', '210', '', '', '', 54932),
(26972, 'HP', 'Monitor', '', '', '24', '', '', '', '', '', '', '', 50687),
(27001, 'MEGAZ', 'Hard disk', '', '', '', '', '3000', '7200', '', '', '', '', 24223),
(27029, 'Seagate ', 'Hard disk', '', '', '', '', '500', '5400', '', '', '', '', 40670),
(27185, 'Nvidia', 'Grafička kartica', 'Nvidia GeForce RTX 2070 Super', '8GB GDDR6', '', '', '', '', '', '', '', '', 48303),
(27424, 'Gigabyte', 'Matična ploča', '', '', '', '', '', '', '', 'Z390', '', '', 97823),
(27430, 'AMD', 'Matična ploča', '', '', '', '', '', '', '', 'B550', '', '', 23489),
(27508, 'Nvidia', 'Grafička kartica', 'Nvidia GeForce RTX 3080 Ti', '12GB GDDR6X', '', '', '', '', '', '', '', '', 34207),
(27625, 'Toshiba ', 'Hard disk', '', '', '', '', '8000', '7200', '', '', '', '', 46350),
(27830, 'Plextor', 'DVD-ROM', '', '', '', '', '', '', '199', '', '', '', 12558),
(27917, 'LITE-ON', 'DVD-ROM', '', '', '', '', '', '', '139', '', '', '', 75258),
(28002, 'Asus', 'DVD-ROM', '', '', '', '', '', '', '160', '', '', '', 87348),
(28067, 'Kingston', 'RAM', '', '', '', 'DDR3', '4', '', '', '', '', '', 60312),
(28166, 'Intel', 'Matična ploča', '', '', '', '', '', '', '', 'Z590', '', '', 28085),
(28194, 'Transcend', 'RAM', '', '', '', 'DDR3', '8', '', '', '', '', '', 84475),
(28274, 'Gigabyte', 'Matična ploča', '', '', '', '', '', '', '', 'H570', '', '', 15630),
(28316, 'SK Hynix', 'RAM', '', '', '', 'DDR3', '4', '', '', '', '', '', 95566),
(28367, 'AMD ', 'Procesor', 'AMD Ryzen 9 5900X', '', '', '', '', '', '', '', '3.7', '12', 24660),
(28706, 'Simmtronics', 'RAM', '', '', '', 'DDR2', '2', '', '', '', '', '', 48460),
(28774, 'Intel', 'Procesor', 'Intel Core i9-11900K', '', '', '', '', '', '', '', '3.5', '8', 51955),
(28777, 'AMD', 'Matična ploča', '', '', '', '', '', '', '', 'B450', '', '', 95889),
(28802, 'I/O Magic', 'DVD-ROM', '', '', '', '', '', '', '206', '', '', '', 87431),
(28834, 'CrossLCD', 'Monitor', '', '', '32', '', '', '', '', '', '', '', 2703),
(28939, 'Yamaha', 'DVD-ROM', '', '', '', '', '', '', '210', '', '', '', 73959),
(28960, 'CrossLCD', 'Monitor', '', '', '32', '', '', '', '', '', '', '', 76626),
(29052, 'EVM', 'RAM', '', '', '', 'DDR3', '4', '', '', '', '', '', 30559),
(29170, 'AMD', 'Grafička kartica', 'AMD Radeon RX 5700 XT', '8GB GDDR6', '', '', '', '', '', '', '', '', 14521),
(29185, 'LITE-ON', 'DVD-ROM', '', '', '', '', '', '', '240', '', '', '', 44971),
(29352, 'AMD', 'Matična ploča', '', '', '', '', '', '', '', 'TRX40', '', '', 37080),
(29426, 'Nvidia', 'Grafička kartica', 'Nvidia GeForce GTX 1080', '8GB GDDR5X', '', '', '', '', '', '', '', '', 67591),
(29428, 'Samsung ', 'Monitor', '', '', '49', '', '', '', '', '', '', '', 69808),
(29436, 'LITE-ON', 'DVD-ROM', '', '', '', '', '', '', '139', '', '', '', 93207),
(29486, 'Nvidia', 'Grafička kartica', 'Nvidia GeForce RTX 3060 12GB', '12GB GDDR9', '', '', '', '', '', '', '', '', 2986),
(29513, 'Intel ', 'Procesor', 'Intel Core i7-7800X', '', '', '', '', '', '', '', '3.5', '6', 15593),
(29532, 'LG Electronics', 'DVD-ROM', '', '', '', '', '', '', '233', '', '', '', 69808),
(29602, 'WP', 'Hard disk', '', '', '', '', '6000', '7200', '', '', '', '', 32484),
(29621, 'Toshiba ', 'Hard disk', '', '', '', '', '500', '5400', '', '', '', '', 22581),
(29622, 'Viotek', 'Monitor', '', '', '49', '', '', '', '', '', '', '', 52975),
(29637, 'Nvidia', 'Grafička kartica', 'Nvidia Titan RTX', '24GB GDDR6', '', '', '', '', '', '', '', '', 48805),
(29723, 'Seagate ', 'Hard disk', '', '', '', '', '500', '5400', '', '', '', '', 52370),
(29943, 'Intel', 'Matična ploča', '', '', '', '', '', '', '', 'B460', '', '', 26767),
(30095, 'WD', 'Hard disk', '', '', '', '', '3000', '7200', '', '', '', '', 48805),
(30232, 'Nvidia', 'Grafička kartica', 'Nvidia GeForce RTX 3060 Ti', '8GB GDDR6', '', '', '', '', '', '', '', '', 22958),
(30372, 'WP', 'Hard disk', '', '', '', '', '12000', '7200', '', '', '', '', 77893),
(30395, 'Lenovo', 'Monitor', '', '', '27', '', '', '', '', '', '', '', 18665),
(30416, 'Sony', 'DVD-ROM', '', '', '', '', '', '', '161', '', '', '', 25959),
(30441, 'Nvidia', 'Grafička kartica', 'Nvidia Titan RTX', '24GB GDDR6', '', '', '', '', '', '', '', '', 35812),
(30457, 'MSI ', 'Monitor', '', '', '27', '', '', '', '', '', '', '', 71366),
(30462, 'LG', 'DVD-ROM', '', '', '', '', '', '', '160', '', '', '', 28085),
(30502, 'Intel', 'Matična ploča', '', '', '', '', '', '', '', 'H410', '', '', 87863),
(30514, 'Seagate ', 'Hard disk', '', '', '', '', '500', '5400', '', '', '', '', 22674),
(30713, 'Acer ', 'Monitor', '', '', '43', '', '', '', '', '', '', '', 38807),
(30801, 'AMD ', 'Procesor', 'AMD Ryzen 7 2701', '', '', '', '', '', '', '', '3.2', '8', 66365),
(30908, 'Kingston', 'RAM', '', '', '', 'DDR2', '2', '', '', '', '', '', 46273),
(31099, 'Niexus', 'Monitor', '', '', '27', '', '', '', '', '', '', '', 32872),
(31203, 'Intel', 'Matična ploča', '', '', '', '', '', '', '', 'H370', '', '', 71159),
(31377, 'Corsair', 'RAM', '', '', '', 'DDR3', '8', '', '', '', '', '', 46622),
(31433, 'Intel ', 'Procesor', 'Intel Core i5-10600K', '', '', '', '', '', '', '', '4.1', '6', 7314),
(31470, 'ViewSonic', 'Monitor', '', '', '27', '', '', '', '', '', '', '', 96030),
(31594, 'Viotek', 'Monitor', '', '', '49', '', '', '', '', '', '', '', 42243),
(31596, 'Simmtronics', 'RAM', '', '', '', 'DDR3', '2', '', '', '', '', '', 46513),
(31660, 'AMD', 'Grafička kartica', 'AMD Radeon RX Vega 64', '8GB HBM2', '', '', '', '', '', '', '', '', 75324),
(31671, 'Asus ', 'Monitor', '', '', '27', '', '', '', '', '', '', '', 78046),
(31711, 'Addonics', 'DVD-ROM', '', '', '', '', '', '', '199', '', '', '', 67233),
(31743, 'Simmtronics', 'RAM', '', '', '', 'DDR2', '2', '', '', '', '', '', 87863),
(31754, 'Intel', 'Matična ploča', '', '', '', '', '', '', '', 'H470', '', '', 63670),
(31775, 'Nvidia', 'Grafička kartica', 'Nvidia GeForce GTX 1080', '8GB GDDR5X', '', '', '', '', '', '', '', '', 32872),
(31790, 'Samsung', 'RAM', '', '', '', 'DDR3', '4', '', '', '', '', '', 38807),
(31945, 'Pioneer', 'DVD-ROM', '', '', '', '', '', '', '201', '', '', '', 95889),
(31949, 'Toshiba ', 'Hard disk', '', '', '', '', '4000', '7200', '', '', '', '', 34925),
(32077, 'Nvidia', 'Grafička kartica', 'Nvidia GeForce RTX 3060 Ti', '8GB GDDR6', '', '', '', '', '', '', '', '', 40326),
(32098, 'Intel', 'Matična ploča', '', '', '', '', '', '', '', 'Z590', '', '', 17053),
(32138, 'Seagate ', 'Hard disk', '', '', '', '', '500', '5400', '', '', '', '', 32872),
(32383, 'A-DATA', 'RAM', '', '', '', 'DDR3', '8', '', '', '', '', '', 96880),
(32418, 'Razer', 'Monitor', '', '', '27', '', '', '', '', '', '', '', 28085),
(32454, 'AMD', 'Grafička kartica', 'AMD Radeon RX 5600 XT', '6GB GDDR6', '', '', '', '', '', '', '', '', 77780),
(32456, 'SK Hynix', 'RAM', '', '', '', 'DDR3', '4', '', '', '', '', '', 623),
(32492, 'Intel', 'Matična ploča', '', '', '', '', '', '', '', 'B460', '', '', 52351),
(32501, 'WD', 'Hard disk', '', '', '', '', '250', '7200', '', '', '', '', 19157),
(32620, 'Intel', 'Matična ploča', '', '', '', '', '', '', '', 'Z370', '', '', 1523),
(32638, 'LG ', 'Monitor', '', '', '24', '', '', '', '', '', '', '', 34616),
(32720, 'MaxDigitalData', 'Hard disk', '', '', '', '', '8000', '7200', '', '', '', '', 48303),
(32738, 'Nvidia', 'Grafička kartica', 'Nvidia GeForce RTX 3070 Ti', '8GB GDDR6X', '', '', '', '', '', '', '', '', 88497),
(32810, 'Nvidia', 'Grafička kartica', 'Nvidia GeForce RTX 3093', '24GB GDDR6X', '', '', '', '', '', '', '', '', 20982),
(32839, 'LG', 'Monitor', '', '', '24', '', '', '', '', '', '', '', 23347),
(32918, 'AMD', 'Matična ploča', '', '', '', '', '', '', '', 'A300', '', '', 16632),
(32932, 'AMD ', 'Procesor', 'AMD Ryzen 7 5700G*', '', '', '', '', '', '', '', '3.8', '38', 12458),
(33006, 'ASRock', 'Matična ploča', '', '', '', '', '', '', '', 'A520', '', '', 37046),
(33123, 'Gigabyte', 'Matična ploča', '', '', '', '', '', '', '', 'Z390', '', '', 87348),
(33189, 'TDK', 'DVD-ROM', '', '', '', '', '', '', '163', '', '', '', 75324),
(33200, 'AMD ', 'Procesor', 'AMD Threadripper 2950X (GM)', '', '', '', '', '', '', '', '3.5', '16', 12558),
(33211, 'Asus ', 'Monitor', '', '', '43', '', '', '', '', '', '', '', 16466),
(33318, 'Seagate ', 'Hard disk', '', '', '', '', '2000', '7200', '', '', '', '', 99345),
(33405, 'BenQ', 'DVD-ROM', '', '', '', '', '', '', '228', '', '', '', 60547),
(33473, 'G.Skill', 'RAM', '', '', '', 'DDR2', '16', '', '', '', '', '', 95889),
(33524, 'Kingston', 'RAM', '', '', '', 'DDR3', '8', '', '', '', '', '', 73959),
(33563, 'Samsung ', 'Monitor', '', '', '32', '', '', '', '', '', '', '', 19157),
(33759, 'Nvidia', 'Grafička kartica', 'Nvidia GeForce GTX 1080', '8GB GDDR5X', '', '', '', '', '', '', '', '', 37046),
(33761, 'LG', 'DVD-ROM', '', '', '', '', '', '', '160', '', '', '', 24660),
(33786, 'AMD', 'Procesor', 'AMD Ryzen 5 5600X', '', '', '', '', '', '', '', '3.7', '6', 20665),
(33903, 'Iiyama', 'Monitor', '', '', '34', '', '', '', '', '', '', '', 67766),
(33907, 'BenQ ', 'Monitor', '', '', '32', '', '', '', '', '', '', '', 60959),
(33951, 'Zoran', 'DVD-ROM', '', '', '', '', '', '', '161', '', '', '', 25504),
(34178, 'SK Hynix', 'RAM', '', '', '', 'DDR3', '4', '', '', '', '', '', 72689),
(34236, 'AMD ', 'Procesor', 'AMD Ryzen 9 5900X', '', '', '', '', '', '', '', '3.7', '12', 79150),
(34242, 'Gigabyte ', 'Monitor', '', '', '43', '', '', '', '', '', '', '', 86904),
(34268, 'InterVideo', 'DVD-ROM', '', '', '', '', '', '', '182', '', '', '', 28593),
(34348, 'AMD ', 'Procesor', 'AMD Threadripper 2970WX', '', '', '', '', '', '', '', '3', '24', 85417),
(34367, 'HP', 'DVD-ROM', '', '', '', '', '', '', '239', '', '', '', 63348),
(34372, 'Niexus', 'Monitor', '', '', '27', '', '', '', '', '', '', '', 54932),
(34414, 'OWC', 'Hard disk', '', '', '', '', '240', '5400', '', '', '', '', 23489),
(34457, 'Nvidia', 'Grafička kartica', 'Nvidia Titan V', '12GB HBM2', '', '', '', '', '', '', '', '', 63348),
(34458, 'Archos', 'DVD-ROM', '', '', '', '', '', '', '160', '', '', '', 58673),
(34518, 'AMD', 'Matična ploča', '', '', '', '', '', '', '', 'X300', '', '', 77350),
(34616, 'Intel ', 'Procesor', 'Intel Core i5-10600K', '', '', '', '', '', '', '', '4.1', '6', 51498),
(34793, 'Adata', 'RAM', '', '', '', 'DDR4', '2', '', '', '', '', '', 37646),
(34875, 'Intel ', 'Procesor', 'Intel Core i5-7600K', '', '', '', '', '', '', '', '3.8', '4', 15615),
(34939, 'Porsche ', 'Monitor', '', '', '27', '', '', '', '', '', '', '', 83348),
(34977, 'EVM', 'RAM', '', '', '', 'DDR3', '4', '', '', '', '', '', 63790),
(35121, 'AMD ', 'Procesor', 'AMD Threadripper 2990WX (GM)', '', '', '', '', '', '', '', '3', '32', 23489),
(35136, 'MEGAZ', 'Hard disk', '', '', '', '', '500', '5400', '', '', '', '', 30876),
(35153, 'Intel ', 'Procesor', 'Intel Core i7-7820X', '', '', '', '', '', '', '', '3.6', '8', 81873),
(35169, 'Asus ', 'Monitor', '', '', '43', '', '', '', '', '', '', '', 97132),
(35250, 'AMD', 'Matična ploča', '', '', '', '', '', '', '', 'B450', '', '', 81873),
(35311, 'Yamaha', 'DVD-ROM', '', '', '', '', '', '', '210', '', '', '', 89099),
(35432, 'Samsung ', 'Monitor', '', '', '32', '', '', '', '', '', '', '', 48767),
(35463, 'Toshiba', 'DVD-ROM', '', '', '', '', '', '', '205', '', '', '', 86038),
(35574, 'Zoran', 'DVD-ROM', '', '', '', '', '', '', '161', '', '', '', 15615),
(35636, 'Nvidia', 'Grafička kartica', 'Nvidia GeForce RTX 2060 Super', '8GB GDDR6', '', '', '', '', '', '', '', '', 50687),
(35696, 'AMD', 'Grafička kartica', 'AMD Radeon RX 5700 XT', '8GB GDDR6', '', '', '', '', '', '', '', '', 52887),
(35728, 'Intel ', 'Procesor', 'Intel Core i7-7700K', '', '', '', '', '', '', '', '4.2', '4', 42596),
(35780, 'AMD', 'Matična ploča', '', '', '', '', '', '', '', 'B550', '', '', 49973),
(35792, 'Lenovo', 'Monitor', '', '', '27', '', '', '', '', '', '', '', 86038),
(35795, 'Intel', 'Matična ploča', '', '', '', '', '', '', '', 'Z590', '', '', 11393),
(35802, 'AMD', 'Matična ploča', '', '', '', '', '', '', '', 'A300', '', '', 96880),
(35816, 'Samsung ', 'Monitor', '', '', '32', '', '', '', '', '', '', '', 93195),
(35909, 'Asus ', 'Monitor', '', '', '27', '', '', '', '', '', '', '', 72689),
(35926, 'Pioneer', 'DVD-ROM', '', '', '', '', '', '', '201', '', '', '', 52887),
(35943, 'AMD ', 'Procesor', 'AMD Ryzen 5 2600X', '', '', '', '', '', '', '', '3.6', '6', 96950),
(35965, 'I/O Magic', 'DVD-ROM', '', '', '', '', '', '', '206', '', '', '', 96426),
(36217, 'Nvidia', 'Grafička kartica', 'Nvidia GeForce RTX 3080 Ti', '12GB GDDR6X', '', '', '', '', '', '', '', '', 34925),
(36228, 'Nvidia', 'Grafička kartica', 'Nvidia GeForce RTX 3090', '24GB GDDR6X', '', '', '', '', '', '', '', '', 17053),
(36263, 'WD', 'Hard disk', '', '', '', '', '3000', '7200', '', '', '', '', 35812),
(36340, 'SK Hynix', 'RAM', '', '', '', 'DDR3', '4', '', '', '', '', '', 50657),
(36372, 'TDK', 'DVD-ROM', '', '', '', '', '', '', '163', '', '', '', 30559),
(36379, 'Nvidia', 'Grafička kartica', 'Nvidia GeForce RTX 3092', '24GB GDDR6X', '', '', '', '', '', '', '', '', 79150),
(36424, 'WD', 'Hard disk', '', '', '', '', '250', '7200', '', '', '', '', 94783),
(36521, 'Seagate ', 'Hard disk', '', '', '', '', '500', '5400', '', '', '', '', 87863),
(36612, 'Intel', 'Matična ploča', '', '', '', '', '', '', '', 'Z590', '', '', 84062),
(36712, 'Nvidia', 'Grafička kartica', 'Nvidia GeForce GTX 1080', '8GB GDDR5X', '', '', '', '', '', '', '', '', 40670),
(36874, 'Razer', 'Monitor', '', '', '27', '', '', '', '', '', '', '', 11393),
(36968, 'Pioneer', 'DVD-ROM', '', '', '', '', '', '', '201', '', '', '', 75287),
(37238, 'HITACHI', 'Hard disk', '', '', '', '', '120', '7200', '', '', '', '', 14521),
(37274, 'Nvidia', 'Grafička kartica', 'Nvidia GeForce RTX 3080 Ti', '12GB GDDR6X', '', '', '', '', '', '', '', '', 80761),
(37383, 'Kingston', 'RAM', '', '', '', 'DDR3', '8', '', '', '', '', '', 48303),
(37396, 'Golden Hawk', 'DVD-ROM', '', '', '', '', '', '', '162', '', '', '', 63999),
(37427, 'ASRock', 'Matična ploča', '', '', '', '', '', '', '', 'A520', '', '', 40670),
(37457, 'Intel', 'Matična ploča', '', '', '', '', '', '', '', 'B365', '', '', 52975),
(37559, 'AMD ', 'Procesor', 'AMD Ryzen 9 5900X', '', '', '', '', '', '', '', '3.7', '12', 61108),
(37635, 'Viotek', 'Monitor', '', '', '49', '', '', '', '', '', '', '', 89415),
(37848, 'OWC', 'Hard disk', '', '', '', '', '240', '5400', '', '', '', '', 83348),
(37977, 'SK Hynix', 'RAM', '', '', '', 'DDR3', '4', '', '', '', '', '', 8301),
(38005, 'Sanyo', 'DVD-ROM', '', '', '', '', '', '', '225', '', '', '', 31651),
(38033, 'Intel', 'Matična ploča', '', '', '', '', '', '', '', 'Z490', '', '', 33210),
(38040, 'Kingston', 'RAM', '', '', '', 'DDR2', '2', '', '', '', '', '', 24660),
(38123, 'Nvidia', 'Grafička kartica', 'Nvidia GeForce RTX 3060 Ti', '8GB GDDR6', '', '', '', '', '', '', '', '', 87431),
(38147, 'Gigabyte', 'Matična ploča', '', '', '', '', '', '', '', 'H570', '', '', 56034),
(38221, 'Corsair', 'RAM', '', '', '', 'DDR4', '8', '', '', '', '', '', 97113),
(38248, 'Zion', 'RAM', '', '', '', 'DDR4', '4', '', '', '', '', '', 42382),
(38265, 'AOC', 'Monitor', '', '', '32', '', '', '', '', '', '', '', 16632),
(38327, 'Nvidia', 'Grafička kartica', 'Nvidia GeForce GTX 1080', '8GB GDDR5X', '', '', '', '', '', '', '', '', 73959),
(38370, 'AMD', 'Matična ploča', '', '', '', '', '', '', '', 'B550', '', '', 67661),
(38379, 'AMD ', 'Procesor', 'AMD Ryzen 3 3101', '', '', '', '', '', '', '', '3.8', '4', 37080),
(38512, 'Golden Hawk', 'DVD-ROM', '', '', '', '', '', '', '162', '', '', '', 35317),
(38653, 'A-DATA', 'RAM', '', '', '', 'DDR3', '8', '', '', '', '', '', 31651),
(38793, 'WD', 'Hard disk', '', '', '', '', '500', '5400', '', '', '', '', 20665),
(38815, 'Toshiba ', 'Hard disk', '', '', '', '', '10000', '7200', '', '', '', '', 96426);
INSERT INTO `komponenta` (`idkomponenta`, `ime_proizvodjaca`, `tip_komponente`, `ime`, `kolicina_memorije`, `dimenzija`, `tip`, `kapacitet`, `brzina_obrtaja`, `brzina`, `cipset`, `frekvencija`, `broj_jezgara`, `racunar_idracunara`) VALUES
(38885, 'Zion', 'RAM', '', '', '', 'DDR4', '4', '', '', '', '', '', 72596),
(38887, 'AMD', 'Grafička kartica', 'AMD Radeon RX 5600 XT', '6GB GDDR6', '', '', '', '', '', '', '', '', 32492),
(38962, 'BenQ ', 'Monitor', '', '', '32', '', '', '', '', '', '', '', 46350),
(38977, 'JVC', 'DVD-ROM', '', '', '', '', '', '', '242', '', '', '', 48767),
(39049, 'AMD', 'Grafička kartica', 'AMD Radeon RX Vega 64', '8GB HBM2', '', '', '', '', '', '', '', '', 63790),
(39073, 'SK Hynix', 'RAM', '', '', '', 'DDR3', '4', '', '', '', '', '', 21709),
(39100, 'HITACHI', 'Hard disk', '', '', '', '', '120', '7200', '', '', '', '', 47586),
(39207, 'Intel', 'Matična ploča', '', '', '', '', '', '', '', 'Z390', '', '', 60629),
(39245, 'LG Electronics', 'DVD-ROM', '', '', '', '', '', '', '233', '', '', '', 18996),
(39248, 'Porsche ', 'Monitor', '', '', '27', '', '', '', '', '', '', '', 35688),
(39346, 'LITE-ON', 'DVD-ROM', '', '', '', '', '', '', '139', '', '', '', 97113),
(39499, 'Adata', 'RAM', '', '', '', 'DDR4', '4', '', '', '', '', '', 28593),
(39518, 'SK Hynix', 'RAM', '', '', '', 'DDR2', '2', '', '', '', '', '', 42399),
(39596, 'Nvidia', 'Grafička kartica', 'Nvidia GeForce RTX 2060 Super', '8GB GDDR6', '', '', '', '', '', '', '', '', 25959),
(39608, 'I/O Magic', 'DVD-ROM', '', '', '', '', '', '', '206', '', '', '', 15630),
(39612, 'BenQ', 'DVD-ROM', '', '', '', '', '', '', '228', '', '', '', 6728),
(39629, 'Nvidia', 'Grafička kartica', 'Nvidia Titan Xp', '12GB GDDR5X', '', '', '', '', '', '', '', '', 67661),
(39810, 'Kingston', 'RAM', '', '', '', 'DDR4', '8', '', '', '', '', '', 48767),
(39837, 'MEGAZ', 'Hard disk', '', '', '', '', '3000', '7200', '', '', '', '', 15615),
(39969, 'AMD', 'Grafička kartica', 'AMD Radeon RX 6800', '16GB GDDR6', '', '', '', '', '', '', '', '', 3375),
(40138, 'SK Hynix', 'RAM', '', '', '', 'DDR3', '4', '', '', '', '', '', 80761),
(40212, 'MSI ', 'Monitor', '', '', '34', '', '', '', '', '', '', '', 84781),
(40364, 'Gigabyte', 'Matična ploča', '', '', '', '', '', '', '', 'Z390', '', '', 78046),
(40369, 'LG', 'Monitor', '', '', '24', '', '', '', '', '', '', '', 37694),
(40774, 'HP', 'RAM', '', '', '', 'DDR3', '4', '', '', '', '', '', 60629),
(40917, 'AMD ', 'Procesor', 'AMD Ryzen 7 4750G*', '', '', '', '', '', '', '', '3.8', '8', 30876),
(40922, 'AMD', 'Grafička kartica', 'AMD Radeon RX 6900 XT', '16GB GDDR6', '', '', '', '', '', '', '', '', 68627),
(40948, 'Niexus', 'Monitor', '', '', '27', '', '', '', '', '', '', '', 73959),
(40959, 'Intel ', 'Procesor', 'Intel Core i3-10101', '', '', '', '', '', '', '', '3.6', '4', 83107),
(40991, 'AMD', 'Grafička kartica', 'AMD Radeon VII', '16GB HBM2', '', '', '', '', '', '', '', '', 55899),
(41010, 'MSI ', 'Monitor', '', '', '34', '', '', '', '', '', '', '', 75287),
(41021, 'AMD ', 'Procesor', 'AMD Ryzen 9 5900X', '', '', '', '', '', '', '', '3.7', '12', 17053),
(41073, 'WD', 'Hard disk', '', '', '', '', '250', '7200', '', '', '', '', 41459),
(41097, 'OWC', 'Hard disk', '', '', '', '', '240', '5400', '', '', '', '', 10239),
(41105, 'Margi', 'DVD-ROM', '', '', '', '', '', '', '190', '', '', '', 42596),
(41139, 'Kingston', 'RAM', '', '', '', 'DDR2', '2', '', '', '', '', '', 61108),
(41143, 'WD', 'Hard disk', '', '', '', '', '3000', '7200', '', '', '', '', 37694),
(41152, 'Nvidia', 'Grafička kartica', 'Nvidia GeForce GTX 1080', '8GB GDDR5X', '', '', '', '', '', '', '', '', 15593),
(41175, 'Nvidia', 'Grafička kartica', 'Nvidia GeForce GTX 1080 Ti', '11GB GDDR5X', '', '', '', '', '', '', '', '', 74760),
(41336, 'AMD ', 'Procesor', 'AMD Ryzen 7 5700G*', '', '', '', '', '', '', '', '3.8', '38', 22674),
(41397, 'HITACHI', 'Hard disk', '', '', '', '', '120', '7200', '', '', '', '', 33975),
(41415, 'AMD ', 'Procesor', 'AMD Threadripper 3970X', '', '', '', '', '', '', '', '3.7', '32', 63999),
(41572, 'Nvidia', 'Grafička kartica', 'Nvidia Titan RTX', '24GB GDDR6', '', '', '', '', '', '', '', '', 37694),
(41602, 'Samsung', 'RAM', '', '', '', 'DDR4', '2', '', '', '', '', '', 52351),
(41790, 'Porsche ', 'Monitor', '', '', '27', '', '', '', '', '', '', '', 42382),
(41970, 'MEGAZ', 'Hard disk', '', '', '', '', '3000', '7200', '', '', '', '', 63790),
(42033, 'Intel ', 'Procesor', 'Intel Core i7-7820X', '', '', '', '', '', '', '', '3.6', '8', 84781),
(42221, 'Nvidia', 'Grafička kartica', 'Nvidia GeForce RTX 3094', '24GB GDDR6X', '', '', '', '', '', '', '', '', 86211),
(42333, 'Nvidia', 'Grafička kartica', 'Nvidia GeForce GTX 1080', '8GB GDDR5X', '', '', '', '', '', '', '', '', 41463),
(42361, 'Intel', 'Matična ploča', '', '', '', '', '', '', '', 'B360', '', '', 86728),
(42365, 'Toshiba ', 'Hard disk', '', '', '', '', '4000', '7200', '', '', '', '', 97088),
(42471, 'AMD', 'Matična ploča', '', '', '', '', '', '', '', 'B450', '', '', 58116),
(42472, 'Nvidia', 'Grafička kartica', 'Nvidia GeForce RTX 2080 Ti', '11GB GDDR6', '', '', '', '', '', '', '', '', 38312),
(42549, 'Creative', 'DVD-ROM', '', '', '', '', '', '', '234', '', '', '', 52351),
(42560, 'Addonics', 'DVD-ROM', '', '', '', '', '', '', '199', '', '', '', 65614),
(42681, 'Intel', 'Matična ploča', '', '', '', '', '', '', '', 'B360', '', '', 30876),
(42700, 'AMD ', 'Procesor', 'AMD Threadripper 2990WX (GM)', '', '', '', '', '', '', '', '3', '32', 97520),
(42766, 'Kingston', 'RAM', '', '', '', 'DDR3', '8', '', '', '', '', '', 25316),
(42795, 'Lenovo', 'Monitor', '', '', '27', '', '', '', '', '', '', '', 92624),
(42864, 'HP', 'DVD-ROM', '', '', '', '', '', '', '239', '', '', '', 71159),
(42939, 'AMD', 'Matična ploča', '', '', '', '', '', '', '', 'B450', '', '', 84781),
(42978, 'Simmtronics', 'RAM', '', '', '', 'DDR3', '2', '', '', '', '', '', 6728),
(43110, 'AMD', 'Matična ploča', '', '', '', '', '', '', '', 'X300', '', '', 12558),
(43394, 'Intel', 'Matična ploča', '', '', '', '', '', '', '', 'B360', '', '', 79898),
(43534, 'Intel', 'Matična ploča', '', '', '', '', '', '', '', 'H410', '', '', 6728),
(43556, 'Intel ', 'Procesor', 'Intel Core i5-7600K', '', '', '', '', '', '', '', '3.8', '4', 25504),
(43558, 'Simmtronics', 'RAM', '', '', '', 'DDR3', '2', '', '', '', '', '', 77893),
(43591, 'G-Technology', 'Hard disk', '', '', '', '', '4000', '5400', '', '', '', '', 38312),
(43612, 'ViewSonic', 'Monitor', '', '', '24', '', '', '', '', '', '', '', 92426),
(43658, 'Zion', 'RAM', '', '', '', 'DDR4', '4', '', '', '', '', '', 23489),
(43888, 'Nvidia', 'Grafička kartica', 'Nvidia GeForce RTX 3080 Ti', '12GB GDDR6X', '', '', '', '', '', '', '', '', 87348),
(43897, 'Intel ', 'Procesor', 'Intel Core i5-7600K', '', '', '', '', '', '', '', '3.8', '4', 52527),
(43908, 'Nvidia', 'Grafička kartica', 'Nvidia GeForce RTX 2080', '8GB GDDR6', '', '', '', '', '', '', '', '', 17143),
(43916, 'Sigma Designs', 'DVD-ROM', '', '', '', '', '', '', '235', '', '', '', 76626),
(43944, 'SK Hynix', 'RAM', '', '', '', 'DDR3', '4', '', '', '', '', '', 98605),
(44032, 'Gigabyte ', 'Monitor', '', '', '43', '', '', '', '', '', '', '', 17143),
(44044, 'Intel ', 'Procesor', 'Intel Core i5-10600K', '', '', '', '', '', '', '', '4.1', '6', 77534),
(44139, 'Kingston', 'RAM', '', '', '', 'DDR2', '2', '', '', '', '', '', 11393),
(44195, 'ViewSonic', 'Monitor', '', '', '24', '', '', '', '', '', '', '', 56034),
(44261, 'Toshiba ', 'Hard disk', '', '', '', '', '500', '5400', '', '', '', '', 25959),
(44310, 'WD', 'Hard disk', '', '', '', '', '250', '7200', '', '', '', '', 37080),
(44515, 'Alienware ', 'Monitor', '', '', '34', '', '', '', '', '', '', '', 48303),
(44652, 'Zion', 'RAM', '', '', '', 'DDR4', '4', '', '', '', '', '', 93515),
(44660, 'G-Technology', 'Hard disk', '', '', '', '', '500', '7200', '', '', '', '', 12558),
(44868, 'Intel', 'Matična ploča', '', '', '', '', '', '', '', 'Z490', '', '', 67233),
(44979, 'Intel', 'Grafička kartica', 'Intel UHD Graphics 630 (i7-10700K)', '8GB GDDR5X', '', '', '', '', '', '', '', '', 24223),
(44994, 'Intel', 'Matična ploča', '', '', '', '', '', '', '', 'H510', '', '', 68309),
(45019, 'WD', 'Hard disk', '', '', '', '', '3000', '7200', '', '', '', '', 51498),
(45073, 'HP', 'RAM', '', '', '', 'DDR3', '4', '', '', '', '', '', 50687),
(45086, 'Zoran', 'DVD-ROM', '', '', '', '', '', '', '161', '', '', '', 89415),
(45166, 'LG', 'DVD-ROM', '', '', '', '', '', '', '160', '', '', '', 7922),
(45255, 'Nvidia', 'Grafička kartica', 'Nvidia GeForce RTX 2080 Super', '8GB GDDR6', '', '', '', '', '', '', '', '', 94783),
(45285, 'Kingston', 'RAM', '', '', '', 'DDR3', '8', '', '', '', '', '', 54932),
(45296, 'Nvidia', 'Grafička kartica', 'Nvidia GeForce RTX 2073', '11GB GDDR5X', '', '', '', '', '', '', '', '', 33975),
(45343, 'Intel', 'Matična ploča', '', '', '', '', '', '', '', 'Z390', '', '', 93195),
(45391, 'Adaptec', 'DVD-ROM', '', '', '', '', '', '', '241', '', '', '', 4944),
(45442, 'Intel', 'Matična ploča', '', '', '', '', '', '', '', 'Z390', '', '', 93624),
(45461, 'Razer', 'Monitor', '', '', '27', '', '', '', '', '', '', '', 52512),
(45466, 'OWC', 'Hard disk', '', '', '', '', '240', '5400', '', '', '', '', 42721),
(45524, 'MSI', 'Matična ploča', '', '', '', '', '', '', '', 'X570', '', '', 75324),
(45618, 'Nvidia', 'Grafička kartica', 'Nvidia GeForce RTX 3060 Ti', '8GB GDDR6', '', '', '', '', '', '', '', '', 56034),
(45631, 'AMD ', 'Procesor', 'AMD Ryzen 7 2704', '', '', '', '', '', '', '', '3.2', '8', 32484),
(45660, 'LG', 'DVD-ROM', '', '', '', '', '', '', '160', '', '', '', 20982),
(45674, 'Stargate', 'Hard disk', '', '', '', '', '1000', '5400', '', '', '', '', 96880),
(45698, 'Porsche ', 'Monitor', '', '', '27', '', '', '', '', '', '', '', 72596),
(45709, 'WP', 'Hard disk', '', '', '', '', '12000', '7200', '', '', '', '', 46657),
(45758, 'Intel', 'Procesor', 'Intel W-3175X', '', '', '', '', '', '', '', '3.1', '28', 16466),
(45855, 'Intel', 'Procesor', 'Intel W-3175X', '', '', '', '', '', '', '', '3.1', '28', 3375),
(46036, 'BenQ', 'DVD-ROM', '', '', '', '', '', '', '228', '', '', '', 52370),
(46069, 'AMD ', 'Procesor', 'AMD Ryzen 7 2700X', '', '', '', '', '', '', '', '3.7', '8', 92426),
(46108, 'AMD ', 'Procesor', 'AMD Threadripper 2970WX', '', '', '', '', '', '', '', '3', '24', 16632),
(46116, 'AMD ', 'Procesor', 'AMD Ryzen 5 2601', '', '', '', '', '', '', '', '3.4', '6', 86038),
(46131, 'AMD ', 'Procesor', 'AMD Threadripper 2970WX', '', '', '', '', '', '', '', '3', '24', 96880),
(46206, 'AMD', 'Grafička kartica', 'AMD Radeon RX 6800', '16GB GDDR6', '', '', '', '', '', '', '', '', 58673),
(46238, 'WD', 'Hard disk', '', '', '', '', '500', '5400', '', '', '', '', 26177),
(46240, 'OWC', 'Hard disk', '', '', '', '', '240', '5400', '', '', '', '', 72596),
(46267, 'Creative', 'DVD-ROM', '', '', '', '', '', '', '234', '', '', '', 26767),
(46273, 'InterVideo', 'DVD-ROM', '', '', '', '', '', '', '182', '', '', '', 30876),
(46342, 'AMD ', 'Procesor', 'AMD Ryzen 7 5700G*', '', '', '', '', '', '', '', '3.8', '38', 60547),
(46347, 'AMD ', 'Procesor', 'AMD Threadripper 3970X', '', '', '', '', '', '', '', '3.7', '32', 5733),
(46368, 'WD', 'Hard disk', '', '', '', '', '500', '5400', '', '', '', '', 4944),
(46393, 'Razer', 'Monitor', '', '', '27', '', '', '', '', '', '', '', 84062),
(46488, 'Sony', 'DVD-ROM', '', '', '', '', '', '', '161', '', '', '', 60629),
(46543, 'ViewSonic', 'Monitor', '', '', '24', '', '', '', '', '', '', '', 15630),
(46839, 'Kingston', 'RAM', '', '', '', 'DDR2', '2', '', '', '', '', '', 17053),
(46958, 'AMD', 'Procesor', 'AMD Ryzen 7 5800X', '', '', '', '', '', '', '', '3.8', '8', 96030),
(46983, 'Pioneer', 'DVD-ROM', '', '', '', '', '', '', '201', '', '', '', 65863),
(47032, 'Intel', 'Matična ploča', '', '', '', '', '', '', '', 'B365', '', '', 15615),
(47097, 'MSI ', 'Monitor', '', '', '27', '', '', '', '', '', '', '', 48460),
(47209, 'HP', 'DVD-ROM', '', '', '', '', '', '', '239', '', '', '', 99694),
(47262, 'AMD ', 'Procesor', 'AMD Ryzen 7 2700X', '', '', '', '', '', '', '', '3.7', '8', 15630),
(47380, 'AMD', 'Matična ploča', '', '', '', '', '', '', '', 'X399', '', '', 92624),
(47452, 'Intel', 'Matična ploča', '', '', '', '', '', '', '', 'H410', '', '', 71366),
(47514, 'Gigabyte', 'Matična ploča', '', '', '', '', '', '', '', 'H570', '', '', 96426),
(47515, 'EVM', 'RAM', '', '', '', 'DDR4', '16', '', '', '', '', '', 25409),
(47542, 'Asus', 'Matična ploča', '', '', '', '', '', '', '', 'Z390', '', '', 3935),
(47625, 'Alienware ', 'Monitor', '', '', '34', '', '', '', '', '', '', '', 6312),
(47732, 'AMD ', 'Procesor', 'AMD Threadripper 3970X', '', '', '', '', '', '', '', '3.7', '32', 37646),
(47815, 'Intel', 'Procesor', 'Intel Core i9-11900K', '', '', '', '', '', '', '', '3.5', '8', 34207),
(47869, 'Intel', 'Matična ploča', '', '', '', '', '', '', '', 'Z590', '', '', 86211),
(47912, 'Alienware', 'Monitor', '', '', '55', '', '', '', '', '', '', '', 4944),
(48054, 'MEGAZ', 'Hard disk', '', '', '', '', '500', '5400', '', '', '', '', 79898),
(48145, 'Nvidia', 'Grafička kartica', 'Nvidia GeForce RTX 3070 Ti', '8GB GDDR6X', '', '', '', '', '', '', '', '', 71366),
(48216, 'Intel', 'Grafička kartica', 'Intel UHD Graphics 630 (i7-10700K)', '8GB GDDR5X', '', '', '', '', '', '', '', '', 42243),
(48244, 'WD', 'Hard disk', '', '', '', '', '250', '10000', '', '', '', '', 93207),
(48538, 'Niexus', 'Monitor', '', '', '27', '', '', '', '', '', '', '', 40670),
(48617, 'Gigabyte', 'Matična ploča', '', '', '', '', '', '', '', 'Z390', '', '', 34207),
(48695, 'Kingston', 'RAM', '', '', '', 'DDR3', '8', '', '', '', '', '', 67591),
(48763, 'Nvidia', 'Grafička kartica', 'Nvidia GeForce RTX 2071', '11GB GDDR5X', '', '', '', '', '', '', '', '', 84781),
(48764, 'Asus', 'Matična ploča', '', '', '', '', '', '', '', 'B550', '', '', 83348),
(48782, 'SK Hynix', 'RAM', '', '', '', 'DDR3', '4', '', '', '', '', '', 33210),
(48873, 'Asus', 'DVD-ROM', '', '', '', '', '', '', '160', '', '', '', 80761),
(49125, 'EVM', 'RAM', '', '', '', 'DDR4', '16', '', '', '', '', '', 89415),
(49188, 'Asus', 'DVD-ROM', '', '', '', '', '', '', '160', '', '', '', 22852),
(49226, 'HITACHI', 'Hard disk', '', '', '', '', '120', '7200', '', '', '', '', 75287),
(49290, 'Intel', 'Matična ploča', '', '', '', '', '', '', '', 'Z370', '', '', 35317),
(49445, 'Toshiba ', 'Hard disk', '', '', '', '', '6000', '7200', '', '', '', '', 46175),
(49452, 'Nvidia', 'Grafička kartica', 'Nvidia GeForce RTX 3080', '10GB GDDR6X', '', '', '', '', '', '', '', '', 33210),
(49541, 'AMD', 'Grafička kartica', 'AMD Radeon RX 5700 XT', '8GB GDDR6', '', '', '', '', '', '', '', '', 47586),
(49634, 'LG ', 'Monitor', '', '', '24', '', '', '', '', '', '', '', 51498),
(49673, 'Transcend', 'RAM', '', '', '', 'DDR3', '4', '', '', '', '', '', 46350),
(49734, 'MaxDigitalData', 'Hard disk', '', '', '', '', '8000', '7200', '', '', '', '', 6312),
(49755, 'Razer', 'Monitor', '', '', '27', '', '', '', '', '', '', '', 63545),
(49873, 'Seagate ', 'Hard disk', '', '', '', '', '14000', '10000', '', '', '', '', 49973),
(49885, 'Transcend', 'RAM', '', '', '', 'DDR3', '8', '', '', '', '', '', 80862),
(49900, 'Nvidia', 'Grafička kartica', 'Nvidia Titan V', '12GB HBM2', '', '', '', '', '', '', '', '', 71159),
(49942, 'Intel ', 'Procesor', 'Intel Core i5-7600K', '', '', '', '', '', '', '', '3.8', '4', 59355),
(49966, 'Nvidia', 'Grafička kartica', 'Nvidia GeForce RTX 3080', '10GB GDDR6X', '', '', '', '', '', '', '', '', 21709),
(50026, 'Intel', 'Matična ploča', '', '', '', '', '', '', '', 'B460', '', '', 51498),
(50090, 'Gigabyte', 'Matična ploča', '', '', '', '', '', '', '', 'H570', '', '', 87431),
(50128, 'Nvidia', 'Grafička kartica', 'Nvidia GeForce RTX 3090', '24GB GDDR6X', '', '', '', '', '', '', '', '', 99345),
(50173, 'Razer', 'Monitor', '', '', '27', '', '', '', '', '', '', '', 86211),
(50198, 'Intel', 'Matična ploča', '', '', '', '', '', '', '', 'H410', '', '', 22674),
(50213, 'Viotek', 'Monitor', '', '', '49', '', '', '', '', '', '', '', 25504),
(50246, 'Intel ', 'Procesor', 'Intel Core i7-7700', '', '', '', '', '', '', '', '3.6', '4', 30559),
(50322, 'Samsung', 'RAM', '', '', '', 'DDR2', '16', '', '', '', '', '', 86038),
(50355, 'Kingston', 'RAM', '', '', '', 'DDR3', '4', '', '', '', '', '', 95711),
(50369, 'HITACHI', 'Hard disk', '', '', '', '', '120', '7200', '', '', '', '', 65863),
(50538, 'AMD', 'Matična ploča', '', '', '', '', '', '', '', 'TRX40', '', '', 48767),
(50550, 'Intel', 'Procesor', 'Intel Core i7-11700K', '', '', '', '', '', '', '', '3.6', '8', 67233),
(50627, 'AMD ', 'Procesor', 'AMD Threadripper 2990WX (GM)', '', '', '', '', '', '', '', '3', '32', 35688),
(50676, 'Nvidia', 'Grafička kartica', 'Nvidia Titan V', '12GB HBM2', '', '', '', '', '', '', '', '', 86728),
(50712, 'Asus', 'DVD-ROM', '', '', '', '', '', '', '160', '', '', '', 623),
(50741, 'Seagate ', 'Hard disk', '', '', '', '', '2000', '7200', '', '', '', '', 24660),
(50776, 'Intel', 'Procesor', 'Intel Core i9-11900K', '', '', '', '', '', '', '', '3.5', '8', 72689),
(50817, 'AMD ', 'Procesor', 'AMD Ryzen 7 4750G*', '', '', '', '', '', '', '', '3.8', '8', 86728),
(50863, 'Niexus', 'Monitor', '', '', '27', '', '', '', '', '', '', '', 37046),
(51082, 'Nvidia', 'Grafička kartica', 'Nvidia Titan V', '12GB HBM2', '', '', '', '', '', '', '', '', 40290),
(51094, 'LG', 'DVD-ROM', '', '', '', '', '', '', '160', '', '', '', 52512),
(51156, 'Kingston', 'RAM', '', '', '', 'DDR3', '8', '', '', '', '', '', 89099),
(51190, 'LG', 'DVD-ROM', '', '', '', '', '', '', '160', '', '', '', 11393),
(51192, 'Margi', 'DVD-ROM', '', '', '', '', '', '', '190', '', '', '', 46350),
(51205, 'AMD', 'Procesor', 'AMD Ryzen 7 5800X', '', '', '', '', '', '', '', '3.8', '8', 93207),
(51279, 'Intel ', 'Procesor', 'Intel Core i7-7800X', '', '', '', '', '', '', '', '3.5', '6', 67591),
(51295, 'AMD ', 'Procesor', 'AMD Ryzen 9 5900X', '', '', '', '', '', '', '', '3.7', '12', 46273),
(51298, 'Kingston', 'RAM', '', '', '', 'DDR2', '2', '', '', '', '', '', 79150),
(51559, 'EVM', 'RAM', '', '', '', 'DDR4', '16', '', '', '', '', '', 52975),
(51751, 'SK Hynix', 'RAM', '', '', '', 'DDR2', '2', '', '', '', '', '', 20665),
(51789, 'EVM', 'RAM', '', '', '', 'DDR4', '16', '', '', '', '', '', 59355),
(51802, 'ViewSonic', 'Monitor', '', '', '24', '', '', '', '', '', '', '', 84475),
(51933, 'Intel', 'Matična ploča', '', '', '', '', '', '', '', 'Z390', '', '', 25959),
(51960, 'BenQ', 'DVD-ROM', '', '', '', '', '', '', '228', '', '', '', 30650),
(51962, 'AMD ', 'Procesor', 'AMD Ryzen 3 3103', '', '', '', '', '', '', '', '3.8', '4', 19157),
(52132, 'Nvidia', 'Grafička kartica', 'Nvidia GeForce RTX 2070 Super', '8GB GDDR6', '', '', '', '', '', '', '', '', 96950),
(52281, 'AMD ', 'Procesor', 'AMD Threadripper 2990WX (GM)', '', '', '', '', '', '', '', '3', '32', 72596),
(52431, 'Asus', 'Matična ploča', '', '', '', '', '', '', '', 'Z390', '', '', 2703),
(52504, 'Nvidia', 'Grafička kartica', 'Nvidia Titan RTX', '24GB GDDR6', '', '', '', '', '', '', '', '', 52351),
(52990, 'Dell ', 'Monitor', '', '', '27', '', '', '', '', '', '', '', 21709),
(53009, 'MSI', 'Matična ploča', '', '', '', '', '', '', '', 'X570', '', '', 63790),
(53021, 'Gigabyte', 'Matična ploča', '', '', '', '', '', '', '', 'Z390', '', '', 72689),
(53055, 'AMD', 'Matična ploča', '', '', '', '', '', '', '', 'B550', '', '', 35688),
(53069, 'WD', 'Hard disk', '', '', '', '', '500', '5400', '', '', '', '', 68309),
(53111, 'ASRock', 'Matična ploča', '', '', '', '', '', '', '', 'A520', '', '', 41463),
(53187, 'Nvidia', 'Grafička kartica', 'Nvidia GeForce RTX 3070', '8GB GDDR6', '', '', '', '', '', '', '', '', 1523),
(53313, 'Intel', 'Procesor', 'Intel Core i7-11700K', '', '', '', '', '', '', '', '3.6', '8', 33210),
(53341, 'Intel ', 'Procesor', 'Intel Core i5-7600K', '', '', '', '', '', '', '', '3.8', '4', 25409),
(53611, 'Intel', 'Matična ploča', '', '', '', '', '', '', '', 'H370', '', '', 77893),
(53800, 'Samsung', 'RAM', '', '', '', 'DDR2', '2', '', '', '', '', '', 34616),
(53944, 'Acer ', 'Monitor', '', '', '34', '', '', '', '', '', '', '', 77893),
(53994, 'Nvidia', 'Grafička kartica', 'Nvidia GeForce RTX 2080', '8GB GDDR6', '', '', '', '', '', '', '', '', 86904),
(54052, 'WD', 'Hard disk', '', '', '', '', '3000', '7200', '', '', '', '', 7314),
(54119, 'G-Technology', 'Hard disk', '', '', '', '', '500', '7200', '', '', '', '', 77350),
(54189, 'Intel', 'Matična ploča', '', '', '', '', '', '', '', 'Z390', '', '', 95711),
(54208, 'AMD ', 'Procesor', 'AMD Ryzen 7 5700G*', '', '', '', '', '', '', '', '3.8', '38', 52370),
(54214, 'Yamaha', 'DVD-ROM', '', '', '', '', '', '', '210', '', '', '', 25316),
(54420, 'AMD ', 'Procesor', 'AMD Ryzen 7 5700G*', '', '', '', '', '', '', '', '3.8', '38', 48460),
(54449, 'Intel', 'Matična ploča', '', '', '', '', '', '', '', 'Z390', '', '', 50687),
(54560, 'Samsung', 'RAM', '', '', '', 'DDR2', '2', '', '', '', '', '', 48805),
(54637, 'Toshiba ', 'Hard disk', '', '', '', '', '6000', '7200', '', '', '', '', 46622),
(54790, 'Toshiba ', 'Hard disk', '', '', '', '', '4000', '7200', '', '', '', '', 623),
(54798, 'Plextor', 'DVD-ROM', '', '', '', '', '', '', '199', '', '', '', 2986),
(54995, 'SK Hynix', 'RAM', '', '', '', 'DDR3', '4', '', '', '', '', '', 34925),
(55160, 'AMD ', 'Procesor', 'AMD Threadripper 1900X (GM)', '', '', '', '', '', '', '', '3.8', '8', 60629),
(55173, 'Razer', 'Monitor', '', '', '27', '', '', '', '', '', '', '', 17053),
(55185, 'Intel ', 'Procesor', 'Intel Core i3-10102', '', '', '', '', '', '', '', '3.6', '4', 84809),
(55229, 'AMD ', 'Procesor', 'AMD Ryzen 5 2600', '', '', '', '', '', '', '', '3.4', '6', 77780),
(55430, 'Pioneer', 'DVD-ROM', '', '', '', '', '', '', '201', '', '', '', 33975),
(55509, 'Intel ', 'Procesor', 'Intel Core i9-7900X', '', '', '', '', '', '', '', '3.3', '10', 18996),
(55518, 'WD', 'Hard disk', '', '', '', '', '250', '10000', '', '', '', '', 75258),
(55520, 'Kingston', 'RAM', '', '', '', 'DDR3', '8', '', '', '', '', '', 6312),
(55684, 'AMD', 'Matična ploča', '', '', '', '', '', '', '', 'X399', '', '', 32492),
(55700, 'AMD', 'Grafička kartica', 'AMD Radeon RX 5700', '8GB GDDR6', '', '', '', '', '', '', '', '', 2703),
(55704, 'Nvidia', 'Grafička kartica', 'Nvidia GeForce RTX 2080 Ti', '11GB GDDR6', '', '', '', '', '', '', '', '', 93624),
(55705, 'BenQ', 'DVD-ROM', '', '', '', '', '', '', '228', '', '', '', 48460),
(55714, 'AMD', 'Grafička kartica', 'AMD Radeon RX 5700', '8GB GDDR6', '', '', '', '', '', '', '', '', 32484),
(55847, 'GoldStar', 'DVD-ROM', '', '', '', '', '', '', '163', '', '', '', 93195),
(55983, 'AMD ', 'Procesor', 'AMD Ryzen 7 2700X', '', '', '', '', '', '', '', '3.7', '8', 22958),
(55987, 'Intel ', 'Procesor', 'Intel Core i5-10600K', '', '', '', '', '', '', '', '4.1', '6', 26767),
(56259, 'Intel', 'Matična ploča', '', '', '', '', '', '', '', 'B560', '', '', 68627),
(56421, 'Asus', 'DVD-ROM', '', '', '', '', '', '', '160', '', '', '', 78046),
(56453, 'Intel ', 'Procesor', 'Intel Core i5-7600K', '', '', '', '', '', '', '', '3.8', '4', 42243),
(56496, 'Kingston', 'RAM', '', '', '', 'DDR3', '4', '', '', '', '', '', 58673),
(56823, 'Nvidia', 'Grafička kartica', 'Nvidia Titan RTX', '24GB GDDR6', '', '', '', '', '', '', '', '', 34616),
(56834, 'Archos', 'DVD-ROM', '', '', '', '', '', '', '160', '', '', '', 3375),
(56957, 'Intel ', 'Procesor', 'Intel Core i9-7980XE', '', '', '', '', '', '', '', '2.6', '18', 86904),
(57002, 'EVM', 'RAM', '', '', '', 'DDR4', '16', '', '', '', '', '', 42243),
(57098, 'MEGAZ', 'Hard disk', '', '', '', '', '3000', '7200', '', '', '', '', 67766),
(57239, 'AMD', 'Matična ploča', '', '', '', '', '', '', '', 'B550', '', '', 69808),
(57348, 'WD', 'Hard disk', '', '', '', '', '250', '10000', '', '', '', '', 96030),
(57408, 'Golden Hawk', 'DVD-ROM', '', '', '', '', '', '', '162', '', '', '', 1523),
(57458, 'SK Hynix', 'RAM', '', '', '', 'DDR3', '4', '', '', '', '', '', 67233),
(57506, 'AMD', 'Grafička kartica', 'AMD Radeon RX 6800', '16GB GDDR6', '', '', '', '', '', '', '', '', 16466),
(57562, 'Porsche ', 'Monitor', '', '', '27', '', '', '', '', '', '', '', 93515),
(57715, 'Panasonic', 'DVD-ROM', '', '', '', '', '', '', '164', '', '', '', 42382),
(58027, 'Lenovo', 'Monitor', '', '', '27', '', '', '', '', '', '', '', 32492),
(58052, 'SK Hynix', 'RAM', '', '', '', 'DDR3', '4', '', '', '', '', '', 51955),
(58087, 'AMD', 'Matična ploča', '', '', '', '', '', '', '', 'X470', '', '', 46350),
(58266, 'Intel', 'Procesor', 'Intel Core i7-11700K', '', '', '', '', '', '', '', '3.6', '8', 21709),
(58306, 'Simmtronics', 'RAM', '', '', '', 'DDR3', '2', '', '', '', '', '', 46657),
(58615, 'Transcend', 'RAM', '', '', '', 'DDR3', '8', '', '', '', '', '', 56034),
(58705, 'Toshiba ', 'Hard disk', '', '', '', '', '4000', '7200', '', '', '', '', 80761),
(58740, 'Intel ', 'Procesor', 'Intel Core i7-7820X', '', '', '', '', '', '', '', '3.6', '8', 58116),
(58801, 'AMD ', 'Procesor', 'AMD Threadripper 2990WX (GM)', '', '', '', '', '', '', '', '3', '32', 42721),
(58871, 'Nvidia', 'Grafička kartica', 'Nvidia GeForce RTX 3080', '10GB GDDR6X', '', '', '', '', '', '', '', '', 67233),
(58907, 'AMD ', 'Procesor', 'AMD Ryzen 7 5700G*', '', '', '', '', '', '', '', '3.8', '38', 6728),
(59021, 'Intel', 'Matična ploča', '', '', '', '', '', '', '', 'Z590', '', '', 99345),
(59053, 'Nvidia', 'Grafička kartica', 'Nvidia GeForce RTX 3080 Ti', '12GB GDDR6X', '', '', '', '', '', '', '', '', 97823),
(59067, 'Silicon Power', 'RAM', '', '', '', 'DDR2', '8', '', '', '', '', '', 2703),
(59069, 'Intel ', 'Procesor', 'Intel Core i5-10600K', '', '', '', '', '', '', '', '4.1', '6', 35812),
(59075, 'HP', 'DVD-ROM', '', '', '', '', '', '', '239', '', '', '', 46513),
(59087, 'Seagate ', 'Hard disk', '', '', '', '', '2000', '7200', '', '', '', '', 17053),
(59166, 'ViewSonic', 'Monitor', '', '', '27', '', '', '', '', '', '', '', 75258),
(59196, 'Nvidia', 'Grafička kartica', 'Nvidia GeForce GTX 1080', '8GB GDDR5X', '', '', '', '', '', '', '', '', 25316),
(59359, 'Samsung ', 'Monitor', '', '', '49', '', '', '', '', '', '', '', 67661),
(59552, 'MaxDigitalData', 'Hard disk', '', '', '', '', '1000', '7200', '', '', '', '', 18665),
(59577, 'BenQ', 'DVD-ROM', '', '', '', '', '', '', '228', '', '', '', 22674),
(59622, 'Lenovo', 'Monitor', '', '', '27', '', '', '', '', '', '', '', 77780),
(59667, 'AMD', 'Grafička kartica', 'AMD Radeon RX 6900 XT', '16GB GDDR6', '', '', '', '', '', '', '', '', 75258),
(59678, 'AMD', 'Matična ploča', '', '', '', '', '', '', '', 'TRX40', '', '', 94783),
(59750, 'Nvidia', 'Grafička kartica', 'Nvidia GeForce RTX 3080 Ti', '12GB GDDR6X', '', '', '', '', '', '', '', '', 78046),
(59927, 'Dell ', 'Monitor', '', '', '27', '', '', '', '', '', '', '', 65614),
(59946, 'Seagate ', 'Hard disk', '', '', '', '', '500', '5400', '', '', '', '', 73959),
(59982, 'AMD ', 'Procesor', 'AMD Ryzen 5 2600X', '', '', '', '', '', '', '', '3.6', '6', 6312),
(60164, 'Samsung', 'RAM', '', '', '', 'DDR3', '4', '', '', '', '', '', 12558),
(60214, 'Simmtronics', 'RAM', '', '', '', 'DDR3', '2', '', '', '', '', '', 63348),
(60224, 'AMD ', 'Procesor', 'AMD Ryzen 9 5900X', '', '', '', '', '', '', '', '3.7', '12', 52512),
(60338, 'ViewSonic', 'Monitor', '', '', '24', '', '', '', '', '', '', '', 80862),
(60340, 'Transcend', 'RAM', '', '', '', 'DDR3', '8', '', '', '', '', '', 40526),
(60471, 'EVM', 'RAM', '', '', '', 'DDR4', '16', '', '', '', '', '', 24223),
(60541, 'HP', 'RAM', '', '', '', 'DDR3', '4', '', '', '', '', '', 25959),
(60548, 'AMD ', 'Procesor', 'AMD Ryzen 9 5900X', '', '', '', '', '', '', '', '3.7', '12', 28085),
(60743, 'MSI ', 'Monitor', '', '', '27', '', '', '', '', '', '', '', 52370),
(60791, 'AMD', 'Grafička kartica', 'AMD Radeon RX 6700 XT', '12GB GDDR6', '', '', '', '', '', '', '', '', 46657),
(60817, 'Asus', 'DVD-ROM', '', '', '', '', '', '', '160', '', '', '', 97823),
(60880, 'Toshiba ', 'Hard disk', '', '', '', '', '6000', '7200', '', '', '', '', 86904),
(60882, 'Nvidia', 'Grafička kartica', 'Nvidia GeForce RTX 2080 Ti', '11GB GDDR6', '', '', '', '', '', '', '', '', 60312),
(61023, 'AMD', 'Grafička kartica', 'AMD Radeon RX 6700 XT', '12GB GDDR6', '', '', '', '', '', '', '', '', 46513),
(61200, 'Alienware', 'Monitor', '', '', '55', '', '', '', '', '', '', '', 26177),
(61316, 'Adata', 'RAM', '', '', '', 'DDR4', '2', '', '', '', '', '', 63999),
(61343, 'Intel', 'Matična ploča', '', '', '', '', '', '', '', 'Z590', '', '', 46273),
(61565, 'Simmtronics', 'RAM', '', '', '', 'DDR2', '2', '', '', '', '', '', 22674),
(61625, 'Viotek', 'Monitor', '', '', '49', '', '', '', '', '', '', '', 25409),
(61753, 'Sigma Designs', 'DVD-ROM', '', '', '', '', '', '', '235', '', '', '', 32484),
(61756, 'Kingston', 'RAM', '', '', '', 'DDR3', '8', '', '', '', '', '', 37046),
(61760, 'Zoran', 'DVD-ROM', '', '', '', '', '', '', '161', '', '', '', 52975),
(61778, 'Simmtronics', 'RAM', '', '', '', 'DDR3', '2', '', '', '', '', '', 30650),
(61787, 'Seagate ', 'Hard disk', '', '', '', '', '2000', '7200', '', '', '', '', 28085),
(61819, 'Pioneer', 'DVD-ROM', '', '', '', '', '', '', '201', '', '', '', 47586),
(61882, 'Intel ', 'Procesor', 'Intel Core i3-10104', '', '', '', '', '', '', '', '3.6', '4', 46657),
(61971, 'Simmtronics', 'RAM', '', '', '', 'DDR3', '2', '', '', '', '', '', 40290),
(62028, 'AMD', 'Grafička kartica', 'AMD Radeon RX 6800 XT', '16GB GDDR6', '', '', '', '', '', '', '', '', 42399),
(62096, 'Samsung', 'RAM', '', '', '', 'DDR3', '4', '', '', '', '', '', 47320),
(62203, 'Kanguru', 'DVD-ROM', '', '', '', '', '', '', '181', '', '', '', 46175),
(62327, 'Asus ', 'Monitor', '', '', '27', '', '', '', '', '', '', '', 22852),
(62410, 'G.Skill', 'RAM', '', '', '', 'DDR2', '16', '', '', '', '', '', 65863),
(62432, 'G.Skill', 'RAM', '', '', '', 'DDR2', '16', '', '', '', '', '', 75287),
(62462, 'Nvidia', 'Grafička kartica', 'Nvidia GeForce GTX 1080 Ti', '11GB GDDR5X', '', '', '', '', '', '', '', '', 83348),
(62580, 'Intel', 'Matična ploča', '', '', '', '', '', '', '', 'H410', '', '', 12458),
(62652, 'MSI', 'Matična ploča', '', '', '', '', '', '', '', 'X570', '', '', 69265),
(62784, 'AMD ', 'Procesor', 'AMD Ryzen 7 2700X', '', '', '', '', '', '', '', '3.7', '8', 96426),
(62832, 'LG', 'DVD-ROM', '', '', '', '', '', '', '160', '', '', '', 46273),
(62871, 'Alienware', 'Monitor', '', '', '55', '', '', '', '', '', '', '', 20665),
(62873, 'Intel', 'Matična ploča', '', '', '', '', '', '', '', 'H370', '', '', 40290),
(63004, 'Acer ', 'Monitor', '', '', '34', '', '', '', '', '', '', '', 83107),
(63090, 'BenQ ', 'Monitor', '', '', '32', '', '', '', '', '', '', '', 42596),
(63104, 'Seagate ', 'Hard disk', '', '', '', '', '500', '5400', '', '', '', '', 41463),
(63147, 'Seagate ', 'Hard disk', '', '', '', '', '6000', '7200', '', '', '', '', 63670),
(63221, 'Kingston', 'RAM', '', '', '', 'DDR3', '8', '', '', '', '', '', 44971),
(63303, 'Intel', 'Matična ploča', '', '', '', '', '', '', '', 'B365', '', '', 42243),
(63400, 'Seagate ', 'Hard disk', '', '', '', '', '2000', '7200', '', '', '', '', 46273),
(63700, 'Nvidia', 'Grafička kartica', 'Nvidia GeForce RTX 2070', '8GB GDDR6', '', '', '', '', '', '', '', '', 16632),
(63703, 'AMD ', 'Procesor', 'AMD Ryzen 7 2703', '', '', '', '', '', '', '', '3.2', '8', 2703),
(63774, 'Asus ', 'Monitor', '', '', '27', '', '', '', '', '', '', '', 1523),
(63959, 'AMD ', 'Procesor', 'AMD Ryzen 7 4750G*', '', '', '', '', '', '', '', '3.8', '8', 28593),
(63992, 'Alienware ', 'Monitor', '', '', '34', '', '', '', '', '', '', '', 44971),
(64079, 'Niexus', 'Monitor', '', '', '27', '', '', '', '', '', '', '', 89099),
(64142, 'Yamaha', 'DVD-ROM', '', '', '', '', '', '', '210', '', '', '', 32872),
(64168, 'WP', 'Hard disk', '', '', '', '', '12000', '7200', '', '', '', '', 71159),
(64228, 'AMD', 'Matična ploča', '', '', '', '', '', '', '', 'B550', '', '', 42721),
(64342, 'WD', 'Hard disk', '', '', '', '', '250', '10000', '', '', '', '', 97113),
(64396, 'Nvidia', 'Grafička kartica', 'Nvidia Titan Xp', '12GB GDDR5X', '', '', '', '', '', '', '', '', 18996),
(64496, 'Nvidia', 'Grafička kartica', 'Nvidia Titan RTX', '24GB GDDR6', '', '', '', '', '', '', '', '', 51498),
(64580, 'SK Hynix', 'RAM', '', '', '', 'DDR3', '4', '', '', '', '', '', 78046),
(64592, 'AMD ', 'Procesor', 'AMD Threadripper 2970WX', '', '', '', '', '', '', '', '3', '24', 7056),
(64604, 'Toshiba ', 'Hard disk', '', '', '', '', '4000', '7200', '', '', '', '', 51955),
(64612, 'Zoran', 'DVD-ROM', '', '', '', '', '', '', '161', '', '', '', 42243),
(64722, 'WP', 'Hard disk', '', '', '', '', '12000', '7200', '', '', '', '', 84598),
(64748, 'SK Hynix', 'RAM', '', '', '', 'DDR3', '4', '', '', '', '', '', 97823),
(64753, 'Nvidia', 'Grafička kartica', 'Nvidia GeForce RTX 3090', '24GB GDDR6X', '', '', '', '', '', '', '', '', 46273),
(64759, 'Nvidia', 'Grafička kartica', 'Nvidia GeForce RTX 3080 Ti', '12GB GDDR6X', '', '', '', '', '', '', '', '', 8301),
(64779, 'MEGAZ', 'Hard disk', '', '', '', '', '500', '5400', '', '', '', '', 86728),
(64786, 'Nvidia', 'Grafička kartica', 'Nvidia GeForce RTX 3070', '8GB GDDR6', '', '', '', '', '', '', '', '', 37646),
(64915, 'Seagate ', 'Hard disk', '', '', '', '', '500', '5400', '', '', '', '', 89099),
(65116, 'Seagate ', 'Hard disk', '', '', '', '', '500', '5400', '', '', '', '', 25316),
(65148, 'Nvidia', 'Grafička kartica', 'Nvidia GeForce RTX 3090', '24GB GDDR6X', '', '', '', '', '', '', '', '', 52512),
(65159, 'Kingston', 'RAM', '', '', '', 'DDR3', '8', '', '', '', '', '', 64575),
(65190, 'MSI ', 'Monitor', '', '', '34', '', '', '', '', '', '', '', 33975),
(65372, 'Toshiba ', 'Hard disk', '', '', '', '', '4000', '7200', '', '', '', '', 97823),
(65468, 'TDK', 'DVD-ROM', '', '', '', '', '', '', '163', '', '', '', 63790),
(65481, 'Pioneer', 'DVD-ROM', '', '', '', '', '', '', '201', '', '', '', 14521),
(65587, 'Seagate ', 'Hard disk', '', '', '', '', '500', '5400', '', '', '', '', 54932),
(65628, 'AMD ', 'Procesor', 'AMD Ryzen 7 5700G*', '', '', '', '', '', '', '', '3.8', '38', 87863),
(65650, 'Silicon Power', 'RAM', '', '', '', 'DDR2', '8', '', '', '', '', '', 32484),
(65719, 'AMD', 'Matična ploča', '', '', '', '', '', '', '', 'X570', '', '', 17143),
(65733, 'G.Skill', 'RAM', '', '', '', 'DDR2', '16', '', '', '', '', '', 84781),
(65789, 'Intel ', 'Procesor', 'Intel Core i7-7800X', '', '', '', '', '', '', '', '3.5', '6', 89099),
(65825, 'LG', 'DVD-ROM', '', '', '', '', '', '', '160', '', '', '', 61108),
(65903, 'Nvidia', 'Grafička kartica', 'Nvidia GeForce RTX 3080 Ti', '12GB GDDR6X', '', '', '', '', '', '', '', '', 22852),
(65933, 'Samsung', 'RAM', '', '', '', 'DDR2', '2', '', '', '', '', '', 26767),
(65963, 'Samsung ', 'Monitor', '', '', '32', '', '', '', '', '', '', '', 41459),
(66056, 'Kingston', 'RAM', '', '', '', 'DDR2', '2', '', '', '', '', '', 28085),
(66085, 'AMD ', 'Procesor', 'AMD Threadripper 1900X (GM)', '', '', '', '', '', '', '', '3.8', '8', 27286),
(66148, 'Panasonic', 'DVD-ROM', '', '', '', '', '', '', '164', '', '', '', 97520),
(66203, 'Seagate ', 'Hard disk', '', '', '', '', '2000', '7200', '', '', '', '', 63545),
(66236, 'Gigabyte ', 'Monitor', '', '', '43', '', '', '', '', '', '', '', 46622),
(66303, 'AMD ', 'Procesor', 'AMD Ryzen 9 5900X', '', '', '', '', '', '', '', '3.7', '12', 63545),
(66438, 'Nvidia', 'Grafička kartica', 'Nvidia GeForce RTX 2070', '8GB GDDR6', '', '', '', '', '', '', '', '', 7056),
(66457, 'Nvidia', 'Grafička kartica', 'Nvidia Titan V', '12GB HBM2', '', '', '', '', '', '', '', '', 99694),
(66570, 'SK Hynix', 'RAM', '', '', '', 'DDR2', '2', '', '', '', '', '', 68309),
(66616, 'WD', 'Hard disk', '', '', '', '', '250', '10000', '', '', '', '', 68627),
(66703, 'AMD', 'Procesor', 'AMD Ryzen 7 5800X', '', '', '', '', '', '', '', '3.8', '8', 97113),
(66757, 'Intel', 'Matična ploča', '', '', '', '', '', '', '', 'H410', '', '', 52370),
(66787, 'LG', 'Monitor', '', '', '24', '', '', '', '', '', '', '', 52351),
(66830, 'Panasonic', 'DVD-ROM', '', '', '', '', '', '', '164', '', '', '', 74760),
(66832, 'AMD', 'Grafička kartica', 'AMD Radeon RX 5700', '8GB GDDR6', '', '', '', '', '', '', '', '', 3935),
(66837, 'AMD', 'Matična ploča', '', '', '', '', '', '', '', 'X470', '', '', 55899),
(66907, 'Intel ', 'Procesor', 'Intel Core i7-7700K', '', '', '', '', '', '', '', '4.2', '4', 60959),
(66917, 'Toshiba ', 'Hard disk', '', '', '', '', '10000', '7200', '', '', '', '', 40526),
(66990, 'Razer', 'Monitor', '', '', '27', '', '', '', '', '', '', '', 7922),
(67008, 'Toshiba ', 'Hard disk', '', '', '', '', '10000', '7200', '', '', '', '', 15630),
(67120, 'Nvidia', 'Grafička kartica', 'Nvidia GeForce RTX 2072', '11GB GDDR5X', '', '', '', '', '', '', '', '', 75287),
(67157, 'Toshiba ', 'Hard disk', '', '', '', '', '4000', '7200', '', '', '', '', 95566),
(67182, 'Toshiba ', 'Hard disk', '', '', '', '', '10000', '7200', '', '', '', '', 84475),
(67235, 'Transcend', 'RAM', '', '', '', 'DDR3', '8', '', '', '', '', '', 96426),
(67377, 'Seagate ', 'Hard disk', '', '', '', '', '6000', '7200', '', '', '', '', 3375),
(67473, 'Intel', 'Matična ploča', '', '', '', '', '', '', '', 'Z390', '', '', 27286),
(67518, 'BenQ ', 'Monitor', '', '', '32', '', '', '', '', '', '', '', 35979),
(67526, 'Nvidia', 'Grafička kartica', 'Nvidia GeForce RTX 3060 12GB', '12GB GDDR6', '', '', '', '', '', '', '', '', 12558),
(67603, 'GoldStar', 'DVD-ROM', '', '', '', '', '', '', '163', '', '', '', 93624),
(67711, 'LG', 'Monitor', '', '', '24', '', '', '', '', '', '', '', 77534),
(67746, 'AMD ', 'Procesor', 'AMD Ryzen 3 3104', '', '', '', '', '', '', '', '3.8', '4', 94783),
(67751, 'Intel', 'Matična ploča', '', '', '', '', '', '', '', 'H510', '', '', 4944),
(67806, 'Kingston', 'RAM', '', '', '', 'DDR3', '4', '', '', '', '', '', 16466),
(67830, 'AMD ', 'Procesor', 'AMD Ryzen 7 2702', '', '', '', '', '', '', '', '3.2', '8', 3935),
(67844, 'LG UltraGear', 'Monitor', '', '', '38', '', '', '', '', '', '', '', 28593),
(67854, 'Nvidia', 'Grafička kartica', 'Nvidia GeForce RTX 3070 Ti', '8GB GDDR6X', '', '', '', '', '', '', '', '', 60547),
(67916, 'Nvidia', 'Grafička kartica', 'Nvidia GeForce RTX 2060 Super', '8GB GDDR6', '', '', '', '', '', '', '', '', 22581),
(67953, 'MSI ', 'Monitor', '', '', '34', '', '', '', '', '', '', '', 14521),
(68061, 'AMD', 'Matična ploča', '', '', '', '', '', '', '', 'X570', '', '', 46622),
(68105, 'Gigabyte', 'Matična ploča', '', '', '', '', '', '', '', 'Z390', '', '', 51955),
(68235, 'Asus', 'DVD-ROM', '', '', '', '', '', '', '160', '', '', '', 50657),
(68337, 'Seagate ', 'Hard disk', '', '', '', '', '1000', '7200', '', '', '', '', 65614),
(68375, 'Seagate ', 'Hard disk', '', '', '', '', '500', '5400', '', '', '', '', 60547),
(68411, 'ViewSonic', 'Monitor', '', '', '24', '', '', '', '', '', '', '', 40326),
(68460, 'Toshiba ', 'Hard disk', '', '', '', '', '10000', '7200', '', '', '', '', 92426),
(68484, 'AMD', 'Matična ploča', '', '', '', '', '', '', '', 'B450', '', '', 47586),
(68651, 'Intel', 'Matična ploča', '', '', '', '', '', '', '', 'B560', '', '', 75258),
(68801, 'Panasonic', 'DVD-ROM', '', '', '', '', '', '', '164', '', '', '', 23489),
(68952, 'Asus ', 'Monitor', '', '', '27', '', '', '', '', '', '', '', 51955),
(68993, 'Nvidia', 'Grafička kartica', 'Nvidia GeForce RTX 3070 Ti', '8GB GDDR6X', '', '', '', '', '', '', '', '', 22674),
(69058, 'Kingston', 'RAM', '', '', '', 'DDR3', '4', '', '', '', '', '', 93195),
(69086, 'Adata', 'RAM', '', '', '', 'DDR4', '2', '', '', '', '', '', 35317),
(69087, 'Samsung', 'RAM', '', '', '', 'DDR3', '4', '', '', '', '', '', 77350),
(69310, 'Intel', 'Matična ploča', '', '', '', '', '', '', '', 'H410', '', '', 48460),
(69386, 'Intel ', 'Procesor', 'Intel Core i3-10100', '', '', '', '', '', '', '', '3.6', '4', 84598),
(69481, 'Zion', 'RAM', '', '', '', 'DDR4', '4', '', '', '', '', '', 35688),
(69654, 'Kanguru', 'DVD-ROM', '', '', '', '', '', '', '181', '', '', '', 61733),
(69672, 'AMD ', 'Procesor', 'AMD Ryzen 9 3950X', '', '', '', '', '', '', '', '3.5', '16', 60312),
(69692, 'Nvidia', 'Grafička kartica', 'Nvidia Titan RTX', '24GB GDDR6', '', '', '', '', '', '', '', '', 77534),
(69833, 'AMD ', 'Procesor', 'AMD Ryzen 5 2600X', '', '', '', '', '', '', '', '3.6', '6', 48303),
(69891, 'Samsung', 'RAM', '', '', '', 'DDR2', '16', '', '', '', '', '', 18665),
(70087, 'Porsche ', 'Monitor', '', '', '27', '', '', '', '', '', '', '', 23489),
(70145, 'Toshiba ', 'Hard disk', '', '', '', '', '10000', '7200', '', '', '', '', 80862),
(70225, 'Intel', 'Matična ploča', '', '', '', '', '', '', '', 'Z590', '', '', 24660),
(70240, 'Intel', 'Procesor', 'Intel Core i9-11900K', '', '', '', '', '', '', '', '3.5', '8', 78046),
(70373, 'Intel', 'Matična ploča', '', '', '', '', '', '', '', 'Z390', '', '', 60312),
(70516, 'AMD', 'Matična ploča', '', '', '', '', '', '', '', 'B450', '', '', 75287),
(70595, 'Intel', 'Matična ploča', '', '', '', '', '', '', '', 'Z590', '', '', 20982),
(70628, 'MSI ', 'Monitor', '', '', '27', '', '', '', '', '', '', '', 60547),
(70840, 'WP', 'Hard disk', '', '', '', '', '6000', '7200', '', '', '', '', 66365),
(70902, 'Seagate ', 'Hard disk', '', '', '', '', '2000', '7200', '', '', '', '', 11393),
(71178, 'SK Hynix', 'RAM', '', '', '', 'DDR3', '4', '', '', '', '', '', 87348),
(71179, 'LG ', 'Monitor', '', '', '24', '', '', '', '', '', '', '', 35812),
(71219, 'Sanyo', 'DVD-ROM', '', '', '', '', '', '', '225', '', '', '', 96880),
(71276, 'MSI ', 'Monitor', '', '', '27', '', '', '', '', '', '', '', 6728),
(71431, 'Gigabyte', 'Matična ploča', '', '', '', '', '', '', '', 'Z390', '', '', 50657),
(71494, 'Silicon Power', 'RAM', '', '', '', 'DDR2', '8', '', '', '', '', '', 3935),
(71836, 'MSI ', 'Monitor', '', '', '34', '', '', '', '', '', '', '', 58116),
(71965, 'AMD', 'Matična ploča', '', '', '', '', '', '', '', 'X470', '', '', 35979),
(72072, 'Adaptec', 'DVD-ROM', '', '', '', '', '', '', '241', '', '', '', 26177),
(72190, 'LG', 'DVD-ROM', '', '', '', '', '', '', '160', '', '', '', 79150),
(72291, 'Gigabyte', 'Matična ploča', '', '', '', '', '', '', '', 'Z390', '', '', 97088),
(72298, 'HITACHI', 'Hard disk', '', '', '', '', '120', '7200', '', '', '', '', 81873),
(72381, 'AMD', 'Matična ploča', '', '', '', '', '', '', '', 'A520', '', '', 64575),
(72442, 'Toshiba ', 'Hard disk', '', '', '', '', '10000', '7200', '', '', '', '', 40326),
(72637, 'Asus', 'DVD-ROM', '', '', '', '', '', '', '160', '', '', '', 95566),
(72675, 'Porsche ', 'Monitor', '', '', '27', '', '', '', '', '', '', '', 74760),
(72804, 'AMD', 'Grafička kartica', 'AMD Radeon RX 6900 XT', '16GB GDDR6', '', '', '', '', '', '', '', '', 97113),
(72838, 'LG', 'DVD-ROM', '', '', '', '', '', '', '160', '', '', '', 17976),
(72842, 'EVM', 'RAM', '', '', '', 'DDR3', '4', '', '', '', '', '', 75324),
(73026, 'Intel ', 'Procesor', 'Intel Core i7-7820X', '', '', '', '', '', '', '', '3.6', '8', 95889),
(73076, 'LITE-ON', 'DVD-ROM', '', '', '', '', '', '', '240', '', '', '', 48303),
(73088, 'MEGAZ', 'Hard disk', '', '', '', '', '3000', '7200', '', '', '', '', 25409),
(73205, 'Samsung', 'RAM', '', '', '', 'DDR2', '2', '', '', '', '', '', 51498),
(73283, 'Sigma Designs', 'DVD-ROM', '', '', '', '', '', '', '235', '', '', '', 66365),
(73436, 'EVM', 'RAM', '', '', '', 'DDR4', '16', '', '', '', '', '', 52527),
(73606, 'Asus ', 'Monitor', '', '', '27', '', '', '', '', '', '', '', 87348),
(73674, 'Intel', 'Grafička kartica', 'Intel UHD Graphics 630 (i7-10700K)', '8GB GDDR5X', '', '', '', '', '', '', '', '', 15615),
(73729, 'LG', 'DVD-ROM', '', '', '', '', '', '', '160', '', '', '', 99345),
(73937, 'WP', 'Hard disk', '', '', '', '', '12000', '7200', '', '', '', '', 99694),
(73954, 'Intel', 'Matična ploča', '', '', '', '', '', '', '', 'H410', '', '', 88497),
(74035, 'SK Hynix', 'RAM', '', '', '', 'DDR3', '4', '', '', '', '', '', 65614),
(74057, 'Intel', 'Procesor', 'Intel Core i9-11900K', '', '', '', '', '', '', '', '3.5', '8', 95566),
(74146, 'AMD', 'Matična ploča', '', '', '', '', '', '', '', 'A520', '', '', 44971),
(74359, 'Seagate ', 'Hard disk', '', '', '', '', '6000', '7200', '', '', '', '', 16466),
(74479, 'Nvidia', 'Grafička kartica', 'Nvidia GeForce RTX 2070 Super', '8GB GDDR6', '', '', '', '', '', '', '', '', 64575),
(74516, 'Sony', 'DVD-ROM', '', '', '', '', '', '', '161', '', '', '', 27286),
(74519, 'Samsung ', 'Monitor', '', '', '32', '', '', '', '', '', '', '', 37080),
(74539, 'Seagate ', 'Hard disk', '', '', '', '', '1000', '7200', '', '', '', '', 98605),
(74561, 'Acer ', 'Monitor', '', '', '34', '', '', '', '', '', '', '', 46513),
(74591, 'Razer', 'Monitor', '', '', '27', '', '', '', '', '', '', '', 46273),
(74647, 'Toshiba ', 'Hard disk', '', '', '', '', '4000', '7200', '', '', '', '', 8301),
(74697, 'HP', 'DVD-ROM', '', '', '', '', '', '', '239', '', '', '', 46657),
(74746, 'Samsung', 'RAM', '', '', '', 'DDR4', '2', '', '', '', '', '', 77534),
(74877, 'OWC', 'Hard disk', '', '', '', '', '240', '5400', '', '', '', '', 74760),
(74888, 'AMD ', 'Procesor', 'AMD Ryzen 5 2602', '', '', '', '', '', '', '', '3.4', '6', 92624),
(74986, 'Kingston', 'RAM', '', '', '', 'DDR2', '2', '', '', '', '', '', 20982),
(75138, 'Intel', 'Matična ploča', '', '', '', '', '', '', '', 'B560', '', '', 96030),
(75216, 'Kingston', 'RAM', '', '', '', 'DDR3', '8', '', '', '', '', '', 15593),
(75274, 'Nvidia', 'Grafička kartica', 'Nvidia GeForce RTX 2080 Super', '8GB GDDR6', '', '', '', '', '', '', '', '', 37080),
(75294, 'AMD ', 'Procesor', 'AMD Ryzen 7 5700G*', '', '', '', '', '', '', '', '3.8', '38', 71366),
(75318, 'Panasonic', 'DVD-ROM', '', '', '', '', '', '', '164', '', '', '', 42721),
(75320, 'Nvidia', 'Grafička kartica', 'Nvidia GeForce RTX 3090', '24GB GDDR6X', '', '', '', '', '', '', '', '', 7922),
(75401, 'Stargate', 'Hard disk', '', '', '', '', '1000', '5400', '', '', '', '', 16632),
(75521, 'Toshiba ', 'Hard disk', '', '', '', '', '4000', '7200', '', '', '', '', 95832),
(75671, 'Nvidia', 'Grafička kartica', 'Nvidia GeForce RTX 2080', '8GB GDDR6', '', '', '', '', '', '', '', '', 46622),
(75701, 'AMD', 'Matična ploča', '', '', '', '', '', '', '', 'B550', '', '', 42382),
(75731, 'Toshiba ', 'Hard disk', '', '', '', '', '4000', '7200', '', '', '', '', 34207),
(75817, 'Intel', 'Matična ploča', '', '', '', '', '', '', '', 'H470', '', '', 97132),
(75873, 'AMD', 'Grafička kartica', 'AMD Radeon RX 6800', '16GB GDDR6', '', '', '', '', '', '', '', '', 63670),
(76072, 'WD', 'Hard disk', '', '', '', '', '3000', '7200', '', '', '', '', 77534),
(76099, 'WP', 'Hard disk', '', '', '', '', '12000', '7200', '', '', '', '', 84809),
(76127, 'MaxDigitalData', 'Hard disk', '', '', '', '', '1000', '7200', '', '', '', '', 86038),
(76144, 'Sanyo', 'DVD-ROM', '', '', '', '', '', '', '225', '', '', '', 85417),
(76165, 'Intel ', 'Procesor', 'Intel Core i7-7820X', '', '', '', '', '', '', '', '3.6', '8', 33975),
(76488, 'Corsair', 'RAM', '', '', '', 'DDR4', '8', '', '', '', '', '', 75258),
(76506, 'Zion', 'RAM', '', '', '', 'DDR4', '4', '', '', '', '', '', 42721),
(76549, 'AMD ', 'Procesor', 'AMD Ryzen 9 5900X', '', '', '', '', '', '', '', '3.7', '12', 17976),
(76554, 'Samsung', 'Monitor', NULL, NULL, '10', NULL, NULL, NULL, NULL, NULL, NULL, NULL, 61733),
(76590, 'Simmtronics', 'RAM', '', '', '', 'DDR3', '2', '', '', '', '', '', 52370),
(76614, 'A-DATA', 'RAM', '', '', '', 'DDR3', '8', '', '', '', '', '', 85417),
(76702, 'Nvidia', 'Grafička kartica', 'Nvidia GeForce GTX 1080', '8GB GDDR5X', '', '', '', '', '', '', '', '', 89099),
(76837, 'TDK', 'DVD-ROM', '', '', '', '', '', '', '163', '', '', '', 67766),
(76849, 'Nvidia', 'Grafička kartica', 'Nvidia GeForce GTX 1080 Ti', '11GB GDDR5X', '', '', '', '', '', '', '', '', 42721),
(76886, 'Simmtronics', 'RAM', '', '', '', 'DDR2', '2', '', '', '', '', '', 71366),
(77032, 'Acer ', 'Monitor', '', '', '34', '', '', '', '', '', '', '', 99694),
(77043, 'InterVideo', 'DVD-ROM', '', '', '', '', '', '', '182', '', '', '', 92652),
(77096, 'AMD ', 'Procesor', 'AMD Threadripper 2950X (GM)', '', '', '', '', '', '', '', '3.5', '16', 2986),
(77222, 'AMD', 'Matična ploča', '', '', '', '', '', '', '', 'X300', '', '', 38807),
(77328, 'LG UltraGear', 'Monitor', '', '', '38', '', '', '', '', '', '', '', 92652),
(77517, 'G-Technology', 'Hard disk', '', '', '', '', '500', '7200', '', '', '', '', 47320),
(77555, 'Nvidia', 'Grafička kartica', 'Nvidia GeForce RTX 3090', '24GB GDDR6X', '', '', '', '', '', '', '', '', 63545),
(77687, 'Stargate', 'Hard disk', '', '', '', '', '1000', '5400', '', '', '', '', 7056),
(77812, 'MEGAZ', 'Hard disk', '', '', '', '', '3000', '7200', '', '', '', '', 25504),
(77889, 'Intel', 'Matična ploča', '', '', '', '', '', '', '', 'B365', '', '', 25504),
(77983, 'Gigabyte', 'Matična ploča', '', '', '', '', '', '', '', 'H570', '', '', 22958),
(78024, 'Intel', 'Procesor', 'Intel Core i9-11900K', '', '', '', '', '', '', '', '3.5', '8', 95832),
(78077, 'Nvidia', 'Grafička kartica', 'Nvidia GeForce RTX 2080', '8GB GDDR6', '', '', '', '', '', '', '', '', 61733),
(78080, 'Kingston', 'RAM', '', '', '', 'DDR2', '2', '', '', '', '', '', 86211),
(78081, 'Acer ', 'Monitor', '', '', '34', '', '', '', '', '', '', '', 84809),
(78091, 'Nvidia', 'Grafička kartica', 'Nvidia GeForce RTX 3090', '24GB GDDR6X', '', '', '', '', '', '', '', '', 17976),
(78116, 'Asus ', 'Monitor', '', '', '27', '', '', '', '', '', '', '', 35317),
(78226, 'Samsung ', 'Monitor', '', '', '32', '', '', '', '', '', '', '', 94783),
(78242, 'Silicon Power', 'RAM', '', '', '', 'DDR2', '8', '', '', '', '', '', 76626),
(78261, 'Intel', 'Grafička kartica', 'Intel UHD Graphics 630 (i7-10700K)', '8GB GDDR5X', '', '', '', '', '', '', '', '', 52975),
(78287, 'Nvidia', 'Grafička kartica', 'Nvidia GeForce GTX 1080 Ti', '11GB GDDR5X', '', '', '', '', '', '', '', '', 42382),
(78319, 'AMD', 'Matična ploča', '', '', '', '', '', '', '', 'A300', '', '', 85417),
(78406, 'Alienware ', 'Monitor', '', '', '34', '', '', '', '', '', '', '', 64575),
(78566, 'Intel ', 'Procesor', 'Intel Core i7-7700K', '', '', '', '', '', '', '', '4.2', '4', 46350),
(78584, 'Kingston', 'RAM', '', '', '', 'DDR3', '4', '', '', '', '', '', 97132),
(78595, 'G.Skill', 'RAM', '', '', '', 'DDR2', '16', '', '', '', '', '', 47586),
(78628, 'Creative', 'DVD-ROM', '', '', '', '', '', '', '234', '', '', '', 37694),
(78706, 'AMD ', 'Procesor', 'AMD Ryzen 9 3950X', '', '', '', '', '', '', '', '3.5', '16', 38312),
(78718, 'AMD', 'Grafička kartica', 'AMD Radeon RX 6800', '16GB GDDR6', '', '', '', '', '', '', '', '', 97132),
(78849, 'Archos', 'DVD-ROM', '', '', '', '', '', '', '160', '', '', '', 97132),
(78911, 'AMD ', 'Procesor', 'AMD Ryzen 5 2603', '', '', '', '', '', '', '', '3.4', '6', 18665),
(78947, 'OWC', 'Hard disk', '', '', '', '', '240', '5400', '', '', '', '', 97520),
(79169, 'Gigabyte', 'Matična ploča', '', '', '', '', '', '', '', 'H570', '', '', 40326),
(79297, 'Asus ', 'Monitor', '', '', '43', '', '', '', '', '', '', '', 58673),
(79488, 'G-Technology', 'Hard disk', '', '', '', '', '500', '7200', '', '', '', '', 2986),
(79563, 'Nvidia', 'Grafička kartica', 'Nvidia GeForce RTX 2070', '8GB GDDR6', '', '', '', '', '', '', '', '', 85417),
(79566, 'Asus ', 'Monitor', '', '', '27', '', '', '', '', '', '', '', 8301),
(79601, 'Plextor', 'DVD-ROM', '', '', '', '', '', '', '199', '', '', '', 77350),
(79620, 'Intel', 'Matična ploča', '', '', '', '', '', '', '', 'H470', '', '', 16466),
(79625, 'ASRock', 'Matična ploča', '', '', '', '', '', '', '', 'A520', '', '', 32872);
INSERT INTO `komponenta` (`idkomponenta`, `ime_proizvodjaca`, `tip_komponente`, `ime`, `kolicina_memorije`, `dimenzija`, `tip`, `kapacitet`, `brzina_obrtaja`, `brzina`, `cipset`, `frekvencija`, `broj_jezgara`, `racunar_idracunara`) VALUES
(79692, 'Kingston', 'RAM', '', '', '', 'DDR3', '8', '', '', '', '', '', 96950),
(79737, 'I/O Magic', 'DVD-ROM', '', '', '', '', '', '', '206', '', '', '', 40526),
(79739, 'Corsair', 'RAM', '', '', '', 'DDR4', '8', '', '', '', '', '', 96030),
(79777, 'GoldStar', 'DVD-ROM', '', '', '', '', '', '', '163', '', '', '', 60312),
(79791, 'MSI ', 'Monitor', '', '', '27', '', '', '', '', '', '', '', 88497),
(79794, 'Asus ', 'Monitor', '', '', '27', '', '', '', '', '', '', '', 34925),
(79817, 'Kingston', 'RAM', '', '', '', 'DDR4', '8', '', '', '', '', '', 94783),
(79824, 'Asus ', 'Monitor', '', '', '27', '', '', '', '', '', '', '', 5733),
(79867, 'AMD ', 'Procesor', 'AMD Ryzen 7 2700X', '', '', '', '', '', '', '', '3.7', '8', 84475),
(80012, 'MEGAZ', 'Hard disk', '', '', '', '', '3000', '7200', '', '', '', '', 59355),
(80052, 'Asus', 'DVD-ROM', '', '', '', '', '', '', '160', '', '', '', 34925),
(80154, 'WD', 'Hard disk', '', '', '', '', '3000', '7200', '', '', '', '', 26767),
(80377, 'Addonics', 'DVD-ROM', '', '', '', '', '', '', '199', '', '', '', 98605),
(80572, 'Toshiba ', 'Hard disk', '', '', '', '', '10000', '7200', '', '', '', '', 87431),
(80782, 'Nvidia', 'Grafička kartica', 'Nvidia GeForce RTX 3070 Ti', '8GB GDDR6X', '', '', '', '', '', '', '', '', 30650),
(80824, 'Nvidia', 'Grafička kartica', 'Nvidia GeForce RTX 2070', '8GB GDDR6', '', '', '', '', '', '', '', '', 96880),
(80855, 'Corsair', 'RAM', '', '', '', 'DDR4', '8', '', '', '', '', '', 68627),
(80992, 'Gigabyte', 'Matična ploča', '', '', '', '', '', '', '', 'Z390', '', '', 22852),
(81087, 'Gigabyte', 'Matična ploča', '', '', '', '', '', '', '', 'Z390', '', '', 8301),
(81164, 'Adata', 'RAM', '', '', '', 'DDR4', '2', '', '', '', '', '', 5733),
(81238, 'LG Electronics', 'DVD-ROM', '', '', '', '', '', '', '233', '', '', '', 67661),
(81306, 'Creative', 'DVD-ROM', '', '', '', '', '', '', '234', '', '', '', 48805),
(81405, 'Intel', 'Matična ploča', '', '', '', '', '', '', '', 'Z390', '', '', 38312),
(81409, 'Transcend', 'RAM', '', '', '', 'DDR3', '8', '', '', '', '', '', 87431),
(81619, 'ASRock', 'Matična ploča', '', '', '', '', '', '', '', 'A520', '', '', 67591),
(81940, 'Kingston', 'RAM', '', '', '', 'DDR3', '4', '', '', '', '', '', 3375),
(82018, 'Nvidia', 'Grafička kartica', 'Nvidia GeForce RTX 3070', '8GB GDDR6', '', '', '', '', '', '', '', '', 35317),
(82044, 'Kingston', 'RAM', '', '', '', 'DDR4', '8', '', '', '', '', '', 37080),
(82103, 'Kanguru', 'DVD-ROM', '', '', '', '', '', '', '181', '', '', '', 46622),
(82109, 'Nvidia', 'Grafička kartica', 'Nvidia Titan Xp', '12GB GDDR5X', '', '', '', '', '', '', '', '', 69808),
(82246, 'Intel', 'Matična ploča', '', '', '', '', '', '', '', 'H370', '', '', 46513),
(82359, 'Alienware', 'Monitor', '', '', '55', '', '', '', '', '', '', '', 42399),
(82727, 'Intel', 'Procesor', 'Intel Core i9-11900K', '', '', '', '', '', '', '', '3.5', '8', 22852),
(82729, 'Transcend', 'RAM', '', '', '', 'DDR3', '8', '', '', '', '', '', 22958),
(82850, 'Samsung ', 'Monitor', '', '', '32', '', '', '', '', '', '', '', 95711),
(82860, 'Nvidia', 'Grafička kartica', 'Nvidia GeForce RTX 3060 Ti', '8GB GDDR6', '', '', '', '', '', '', '', '', 15630),
(83086, 'AMD', 'Grafička kartica', 'AMD Radeon RX 6700 XT', '12GB GDDR6', '', '', '', '', '', '', '', '', 77893),
(83204, 'Zoran', 'DVD-ROM', '', '', '', '', '', '', '161', '', '', '', 24223),
(83235, 'I/O Magic', 'DVD-ROM', '', '', '', '', '', '', '206', '', '', '', 56034),
(83244, 'Intel', 'Matična ploča', '', '', '', '', '', '', '', 'B365', '', '', 52527),
(83247, 'Intel ', 'Procesor', 'Intel Core i3-10103', '', '', '', '', '', '', '', '3.6', '4', 46513),
(83250, 'I/O Magic', 'DVD-ROM', '', '', '', '', '', '', '206', '', '', '', 22958),
(83314, 'SK Hynix', 'RAM', '', '', '', 'DDR2', '2', '', '', '', '', '', 4944),
(83369, 'Nvidia', 'Grafička kartica', 'Nvidia GeForce RTX 2070', '11GB GDDR5X', '', '', '', '', '', '', '', '', 95889),
(83407, 'Simmtronics', 'RAM', '', '', '', 'DDR2', '2', '', '', '', '', '', 88497),
(83479, 'Intel', 'Matična ploča', '', '', '', '', '', '', '', 'B560', '', '', 97113),
(83484, 'Nvidia', 'Grafička kartica', 'Nvidia GeForce RTX 2074', '11GB GDDR5X', '', '', '', '', '', '', '', '', 81873),
(83505, 'Acer ', 'Monitor', '', '', '43', '', '', '', '', '', '', '', 2986),
(83548, 'EVM', 'RAM', '', '', '', 'DDR3', '4', '', '', '', '', '', 67766),
(83638, 'AMD ', 'Procesor', 'AMD Threadripper 2990WX (GM)', '', '', '', '', '', '', '', '3', '32', 74760),
(83683, 'Nvidia', 'Grafička kartica', 'Nvidia GeForce RTX 3070', '8GB GDDR6', '', '', '', '', '', '', '', '', 5733),
(83708, 'ViewSonic', 'Monitor', '', '', '27', '', '', '', '', '', '', '', 93207),
(83958, 'Razer', 'Monitor', '', '', '27', '', '', '', '', '', '', '', 61108),
(84024, 'Seagate ', 'Hard disk', '', '', '', '', '2000', '7200', '', '', '', '', 52512),
(84143, 'Intel', 'Procesor', 'Intel W-3175X', '', '', '', '', '', '', '', '3.1', '28', 63670),
(84194, 'Intel ', 'Procesor', 'Intel Core i3-10104', '', '', '', '', '', '', '', '3.6', '4', 71159),
(84326, 'Intel', 'Matična ploča', '', '', '', '', '', '', '', 'Z590', '', '', 79150),
(84379, 'Panasonic', 'DVD-ROM', '', '', '', '', '', '', '164', '', '', '', 72596),
(84384, 'Kingston', 'RAM', '', '', '', 'DDR3', '4', '', '', '', '', '', 38312),
(84406, 'LITE-ON', 'DVD-ROM', '', '', '', '', '', '', '240', '', '', '', 64575),
(84439, 'Nvidia', 'Grafička kartica', 'Nvidia Titan RTX', '24GB GDDR6', '', '', '', '', '', '', '', '', 26767),
(84488, 'AMD', 'Grafička kartica', 'AMD Radeon RX 5700', '8GB GDDR6', '', '', '', '', '', '', '', '', 76626),
(84562, 'Plextor', 'DVD-ROM', '', '', '', '', '', '', '199', '', '', '', 47320),
(84577, 'AMD', 'Matična ploča', '', '', '', '', '', '', '', 'B550', '', '', 18996),
(84817, 'Kingston', 'RAM', '', '', '', 'DDR2', '2', '', '', '', '', '', 84062),
(84889, 'Intel ', 'Procesor', 'Intel Core i9-7900X', '', '', '', '', '', '', '', '3.3', '10', 69808),
(84903, 'Toshiba ', 'Hard disk', '', '', '', '', '500', '5400', '', '', '', '', 27286),
(84906, 'JVC', 'DVD-ROM', '', '', '', '', '', '', '242', '', '', '', 94783),
(85187, 'Margi', 'DVD-ROM', '', '', '', '', '', '', '190', '', '', '', 35979),
(85258, 'Nvidia', 'Grafička kartica', 'Nvidia GeForce RTX 3091', '24GB GDDR6X', '', '', '', '', '', '', '', '', 61108),
(85262, 'SK Hynix', 'RAM', '', '', '', 'DDR2', '2', '', '', '', '', '', 67661),
(85265, 'AMD ', 'Procesor', 'AMD Ryzen 9 5900X', '', '', '', '', '', '', '', '3.7', '12', 11393),
(85308, 'Intel', 'Matična ploča', '', '', '', '', '', '', '', 'H470', '', '', 3375),
(85355, 'G-Technology', 'Hard disk', '', '', '', '', '500', '7200', '', '', '', '', 38807),
(85461, 'Nvidia', 'Grafička kartica', 'Nvidia GeForce RTX 3060 12GB', '12GB GDDR10', '', '', '', '', '', '', '', '', 38807),
(85625, 'HP', 'RAM', '', '', '', 'DDR3', '4', '', '', '', '', '', 27286),
(85722, 'Intel ', 'Procesor', 'Intel Core i3-10101', '', '', '', '', '', '', '', '3.6', '4', 99694),
(85737, 'Panasonic', 'DVD-ROM', '', '', '', '', '', '', '164', '', '', '', 35688),
(85778, 'OWC', 'Hard disk', '', '', '', '', '240', '5400', '', '', '', '', 42382),
(85941, 'Creative', 'DVD-ROM', '', '', '', '', '', '', '234', '', '', '', 23347),
(85972, 'Intel ', 'Procesor', 'Intel Core i5-10600K', '', '', '', '', '', '', '', '4.1', '6', 23347),
(86044, 'MaxDigitalData', 'Hard disk', '', '', '', '', '1000', '7200', '', '', '', '', 32492),
(86073, 'Samsung', 'RAM', '', '', '', 'DDR4', '2', '', '', '', '', '', 23347),
(86137, 'Iiyama', 'Monitor', '', '', '34', '', '', '', '', '', '', '', 75324),
(86265, 'AMD ', 'Procesor', 'AMD Ryzen 7 4750G*', '', '', '', '', '', '', '', '3.8', '8', 79898),
(86307, 'Intel', 'Matična ploča', '', '', '', '', '', '', '', 'Z390', '', '', 22581),
(86344, 'Nvidia', 'Grafička kartica', 'Nvidia GeForce RTX 3090', '24GB GDDR6X', '', '', '', '', '', '', '', '', 84062),
(86397, 'AMD', 'Matična ploča', '', '', '', '', '', '', '', 'X399', '', '', 18665),
(86536, 'MSI ', 'Monitor', '', '', '27', '', '', '', '', '', '', '', 30650),
(86549, 'ViewSonic', 'Monitor', '', '', '24', '', '', '', '', '', '', '', 22958),
(86570, 'HP', 'DVD-ROM', '', '', '', '', '', '', '239', '', '', '', 83107),
(86630, 'Asus ', 'Monitor', '', '', '27', '', '', '', '', '', '', '', 80761),
(86826, 'Intel', 'Matična ploča', '', '', '', '', '', '', '', 'B460', '', '', 7314),
(86886, 'Intel ', 'Procesor', 'Intel Core i9-7980XE', '', '', '', '', '', '', '', '2.6', '18', 17143),
(86890, 'Asus', 'Matična ploča', '', '', '', '', '', '', '', 'B550', '', '', 10239),
(86919, 'Stargate', 'Hard disk', '', '', '', '', '1000', '5400', '', '', '', '', 31651),
(86920, 'Transcend', 'RAM', '', '', '', 'DDR3', '4', '', '', '', '', '', 35979),
(86926, 'Panasonic', 'DVD-ROM', '', '', '', '', '', '', '164', '', '', '', 10239),
(87050, 'Seagate ', 'Hard disk', '', '', '', '', '500', '5400', '', '', '', '', 15593),
(87112, 'Seagate ', 'Hard disk', '', '', '', '', '1000', '7200', '', '', '', '', 67233),
(87128, 'JVC', 'DVD-ROM', '', '', '', '', '', '', '242', '', '', '', 19157),
(87283, 'Seagate ', 'Hard disk', '', '', '', '', '500', '5400', '', '', '', '', 12458),
(87310, 'Samsung ', 'Monitor', '', '', '32', '', '', '', '', '', '', '', 60312),
(87431, 'JVC', 'DVD-ROM', '', '', '', '', '', '', '242', '', '', '', 37080),
(87486, 'Intel', 'Matična ploča', '', '', '', '', '', '', '', 'Z370', '', '', 5733),
(87502, 'HP', 'Monitor', '', '', '24', '', '', '', '', '', '', '', 22581),
(87549, 'Porsche ', 'Monitor', '', '', '27', '', '', '', '', '', '', '', 10239),
(87623, 'Nvidia', 'Grafička kartica', 'Nvidia GeForce RTX 3090', '24GB GDDR6X', '', '', '', '', '', '', '', '', 28085),
(87642, 'Intel ', 'Procesor', 'Intel Core i5-7600K', '', '', '', '', '', '', '', '3.8', '4', 52975),
(87746, 'Samsung', 'RAM', '', '', '', 'DDR2', '2', '', '', '', '', '', 35812),
(87766, 'Adaptec', 'DVD-ROM', '', '', '', '', '', '', '241', '', '', '', 68309),
(87880, 'AMD ', 'Procesor', 'AMD Ryzen 7 5700G*', '', '', '', '', '', '', '', '3.8', '38', 30650),
(87909, 'AMD', 'Matična ploča', '', '', '', '', '', '', '', 'TRX40', '', '', 19157),
(87919, 'AMD', 'Grafička kartica', 'AMD Radeon RX 5600 XT', '6GB GDDR6', '', '', '', '', '', '', '', '', 18665),
(88071, 'Intel', 'Matična ploča', '', '', '', '', '', '', '', 'H370', '', '', 83107),
(88114, 'Sanyo', 'DVD-ROM', '', '', '', '', '', '', '225', '', '', '', 16632),
(88168, 'MSI ', 'Monitor', '', '', '34', '', '', '', '', '', '', '', 95889),
(88207, 'Creative', 'DVD-ROM', '', '', '', '', '', '', '234', '', '', '', 7314),
(88344, 'Kingston', 'RAM', '', '', '', 'DDR3', '4', '', '', '', '', '', 93624),
(88352, 'AMD ', 'Procesor', 'AMD Threadripper 1900X (GM)', '', '', '', '', '', '', '', '3.8', '8', 22581),
(88468, 'Seagate ', 'Hard disk', '', '', '', '', '14000', '10000', '', '', '', '', 67661),
(88619, 'Acer ', 'Monitor', '', '', '43', '', '', '', '', '', '', '', 77350),
(88664, 'Intel ', 'Procesor', 'Intel Core i9-7900X', '', '', '', '', '', '', '', '3.3', '10', 67661),
(88743, 'Toshiba ', 'Hard disk', '', '', '', '', '10000', '7200', '', '', '', '', 56034),
(88747, 'Asus', 'DVD-ROM', '', '', '', '', '', '', '160', '', '', '', 97088),
(88779, 'Nvidia', 'Grafička kartica', 'Nvidia GeForce RTX 2070', '8GB GDDR6', '', '', '', '', '', '', '', '', 31651),
(88791, 'Nvidia', 'Grafička kartica', 'Nvidia GeForce RTX 3070 Ti', '8GB GDDR6X', '', '', '', '', '', '', '', '', 12458),
(88910, 'AOC', 'Monitor', '', '', '32', '', '', '', '', '', '', '', 85417),
(89036, 'Razer', 'Monitor', '', '', '27', '', '', '', '', '', '', '', 17976),
(89087, 'WD', 'Hard disk', '', '', '', '', '3000', '7200', '', '', '', '', 52351),
(89099, 'Addonics', 'DVD-ROM', '', '', '', '', '', '', '199', '', '', '', 33210),
(89104, 'AMD ', 'Procesor', 'AMD Threadripper 3970X', '', '', '', '', '', '', '', '3.7', '32', 35317),
(89205, 'AMD ', 'Procesor', 'AMD Threadripper 2950X (GM)', '', '', '', '', '', '', '', '3.5', '16', 77350),
(89346, 'Simmtronics', 'RAM', '', '', '', 'DDR3', '2', '', '', '', '', '', 12458),
(89474, 'AMD ', 'Procesor', 'AMD Ryzen 9 3950X', '', '', '', '', '', '', '', '3.5', '16', 93624),
(89889, 'Kingston', 'RAM', '', '', '', 'DDR3', '8', '', '', '', '', '', 41463),
(89895, 'Simmtronics', 'RAM', '', '', '', 'DDR3', '2', '', '', '', '', '', 99694),
(89911, 'Intel', 'Matična ploča', '', '', '', '', '', '', '', 'Z590', '', '', 17976),
(89936, 'Asus ', 'Monitor', '', '', '27', '', '', '', '', '', '', '', 623),
(89986, 'AMD', 'Grafička kartica', 'AMD Radeon RX 6800 XT', '16GB GDDR6', '', '', '', '', '', '', '', '', 4944),
(90027, 'Intel ', 'Procesor', 'Intel Core i5-7600K', '', '', '', '', '', '', '', '3.8', '4', 14682),
(90079, 'JVC', 'DVD-ROM', '', '', '', '', '', '', '242', '', '', '', 41459),
(90083, 'Nvidia', 'Grafička kartica', 'Nvidia GeForce RTX 3070', '8GB GDDR6', '', '', '', '', '', '', '', '', 63999),
(90158, 'AMD', 'Grafička kartica', 'AMD Radeon VII', '16GB HBM2', '', '', '', '', '', '', '', '', 46350),
(90161, 'MEGAZ', 'Hard disk', '', '', '', '', '3000', '7200', '', '', '', '', 69265),
(90328, 'ViewSonic', 'Monitor', '', '', '24', '', '', '', '', '', '', '', 40526),
(90394, 'Asus', 'Matična ploča', '', '', '', '', '', '', '', 'B550', '', '', 93515),
(90502, 'Samsung ', 'Monitor', '', '', '32', '', '', '', '', '', '', '', 93624),
(90585, 'Intel', 'Procesor', 'Intel W-3175X', '', '', '', '', '', '', '', '3.1', '28', 58673),
(90664, 'Nvidia', 'Grafička kartica', 'Nvidia GeForce GTX 1080 Ti', '11GB GDDR5X', '', '', '', '', '', '', '', '', 10239),
(90698, 'Asus ', 'Monitor', '', '', '27', '', '', '', '', '', '', '', 50657),
(90701, 'Asus ', 'Monitor', '', '', '27', '', '', '', '', '', '', '', 63999),
(90734, 'AMD', 'Matična ploča', '', '', '', '', '', '', '', 'X399', '', '', 86038),
(90848, 'Adaptec', 'DVD-ROM', '', '', '', '', '', '', '241', '', '', '', 42399),
(90936, 'Intel', 'Matična ploča', '', '', '', '', '', '', '', 'B365', '', '', 59355),
(90966, 'AMD', 'Grafička kartica', 'AMD Radeon RX Vega 64', '8GB HBM2', '', '', '', '', '', '', '', '', 67766),
(90986, 'AMD ', 'Procesor', 'AMD Ryzen 7 2700X', '', '', '', '', '', '', '', '3.7', '8', 80862),
(91131, 'Asus', 'DVD-ROM', '', '', '', '', '', '', '160', '', '', '', 8301),
(91334, 'G.Skill', 'RAM', '', '', '', 'DDR2', '16', '', '', '', '', '', 14521),
(91350, 'ASRock', 'Matična ploča', '', '', '', '', '', '', '', 'A520', '', '', 54932),
(91354, 'LITE-ON', 'DVD-ROM', '', '', '', '', '', '', '240', '', '', '', 96950),
(91471, 'MaxDigitalData', 'Hard disk', '', '', '', '', '8000', '7200', '', '', '', '', 44971),
(91546, 'Gigabyte', 'Matična ploča', '', '', '', '', '', '', '', 'Z390', '', '', 95566),
(91690, 'Nvidia', 'Grafička kartica', 'Nvidia GeForce GTX 1080 Ti', '11GB GDDR5X', '', '', '', '', '', '', '', '', 93515),
(91703, 'Nvidia', 'Grafička kartica', 'Nvidia GeForce RTX 2080 Super', '8GB GDDR6', '', '', '', '', '', '', '', '', 19157),
(91738, 'HP', 'Monitor', '', '', '24', '', '', '', '', '', '', '', 25959),
(91883, 'WP', 'Hard disk', '', '', '', '', '6000', '7200', '', '', '', '', 2703),
(91953, 'Intel ', 'Procesor', 'Intel Core i7-7820X', '', '', '', '', '', '', '', '3.6', '8', 52887),
(92156, 'Gigabyte', 'Matična ploča', '', '', '', '', '', '', '', 'H570', '', '', 40526),
(92205, 'SK Hynix', 'RAM', '', '', '', 'DDR3', '4', '', '', '', '', '', 95832),
(92335, 'Viotek', 'Monitor', '', '', '49', '', '', '', '', '', '', '', 15615),
(92341, 'Nvidia', 'Grafička kartica', 'Nvidia GeForce RTX 3080', '10GB GDDR6X', '', '', '', '', '', '', '', '', 98605),
(92357, 'Intel', 'Procesor', 'Intel Core i9-11900K', '', '', '', '', '', '', '', '3.5', '8', 623),
(92493, 'Toshiba', 'DVD-ROM', '', '', '', '', '', '', '205', '', '', '', 77780),
(92698, 'Intel', 'Matična ploča', '', '', '', '', '', '', '', 'Z490', '', '', 21709),
(92746, 'AMD', 'Matična ploča', '', '', '', '', '', '', '', 'X300', '', '', 47320),
(93236, 'Gigabyte', 'Matična ploča', '', '', '', '', '', '', '', 'H570', '', '', 80862),
(93283, 'AMD', 'Matična ploča', '', '', '', '', '', '', '', 'B450', '', '', 14521),
(93326, 'WD', 'Hard disk', '', '', '', '', '500', '5400', '', '', '', '', 42399),
(93498, 'BenQ', 'DVD-ROM', '', '', '', '', '', '', '228', '', '', '', 12458),
(93565, 'Creative', 'DVD-ROM', '', '', '', '', '', '', '234', '', '', '', 34616),
(93706, 'Toshiba', 'DVD-ROM', '', '', '', '', '', '', '205', '', '', '', 18665),
(93748, 'AMD ', 'Procesor', 'AMD Threadripper 2950X (GM)', '', '', '', '', '', '', '', '3.5', '16', 38807),
(93794, 'HITACHI', 'Hard disk', '', '', '', '', '120', '7200', '', '', '', '', 52887),
(93894, 'Intel ', 'Procesor', 'Intel Core i7-7800X', '', '', '', '', '', '', '', '3.5', '6', 37046),
(93966, 'WP', 'Hard disk', '', '', '', '', '12000', '7200', '', '', '', '', 46513),
(94079, 'WD', 'Hard disk', '', '', '', '', '250', '7200', '', '', '', '', 48767),
(94241, 'HP', 'DVD-ROM', '', '', '', '', '', '', '239', '', '', '', 84809),
(94247, 'LG UltraGear', 'Monitor', '', '', '38', '', '', '', '', '', '', '', 86728),
(94673, 'MEGAZ', 'Hard disk', '', '', '', '', '3000', '7200', '', '', '', '', 14682),
(94759, 'LG', 'DVD-ROM', '', '', '', '', '', '', '160', '', '', '', 84062),
(94837, 'LITE-ON', 'DVD-ROM', '', '', '', '', '', '', '139', '', '', '', 96030),
(94866, 'AMD ', 'Procesor', 'AMD Ryzen 7 2700', '', '', '', '', '', '', '', '3.2', '8', 76626),
(94867, 'Corsair', 'RAM', '', '', '', 'DDR4', '8', '', '', '', '', '', 93207),
(94869, 'G-Technology', 'Hard disk', '', '', '', '', '4000', '5400', '', '', '', '', 95711),
(94926, 'MSI ', 'Monitor', '', '', '27', '', '', '', '', '', '', '', 22674),
(95015, 'Asus ', 'Monitor', '', '', '27', '', '', '', '', '', '', '', 34207),
(95226, 'Intel ', 'Procesor', 'Intel Core i9-7980XE', '', '', '', '', '', '', '', '2.6', '18', 46175),
(95321, 'Intel ', 'Procesor', 'Intel Core i3-10102', '', '', '', '', '', '', '', '3.6', '4', 77893),
(95326, 'Toshiba ', 'Hard disk', '', '', '', '', '4000', '7200', '', '', '', '', 72689),
(95428, 'AMD', 'Procesor', 'AMD Ryzen 7 5800X', '', '', '', '', '', '', '', '3.8', '8', 68627),
(95470, 'Transcend', 'RAM', '', '', '', 'DDR3', '4', '', '', '', '', '', 55899),
(95517, 'Adata', 'RAM', '', '', '', 'DDR4', '4', '', '', '', '', '', 92652),
(95599, 'AMD ', 'Procesor', 'AMD Ryzen 9 5900X', '', '', '', '', '', '', '', '3.7', '12', 99345),
(95604, 'Kingston', 'RAM', '', '', '', 'DDR4', '8', '', '', '', '', '', 41459),
(95632, 'Asus ', 'Monitor', '', '', '43', '', '', '', '', '', '', '', 3375),
(95656, 'Pioneer', 'DVD-ROM', '', '', '', '', '', '', '201', '', '', '', 84781),
(95722, 'WP', 'Hard disk', '', '', '', '', '6000', '7200', '', '', '', '', 76626),
(95771, 'Archos', 'DVD-ROM', '', '', '', '', '', '', '160', '', '', '', 63670),
(95981, 'AMD ', 'Procesor', 'AMD Ryzen 9 5900X', '', '', '', '', '', '', '', '3.7', '12', 86211),
(96211, 'Niexus', 'Monitor', '', '', '27', '', '', '', '', '', '', '', 67591),
(96414, 'LG', 'DVD-ROM', '', '', '', '', '', '', '160', '', '', '', 17053),
(96481, 'Asus', 'Matična ploča', '', '', '', '', '', '', '', 'Z390', '', '', 76626),
(96519, 'AMD', 'Matična ploča', '', '', '', '', '', '', '', 'B450', '', '', 52887),
(96564, 'Seagate ', 'Hard disk', '', '', '', '', '2000', '7200', '', '', '', '', 79150),
(96607, 'AMD', 'Grafička kartica', 'AMD Radeon RX Vega 64', '8GB HBM2', '', '', '', '', '', '', '', '', 30559),
(96675, 'Intel', 'Matična ploča', '', '', '', '', '', '', '', 'Z590', '', '', 61108),
(96705, 'Zoran', 'DVD-ROM', '', '', '', '', '', '', '161', '', '', '', 25409),
(96724, 'Toshiba', 'DVD-ROM', '', '', '', '', '', '', '205', '', '', '', 92624),
(96737, 'G-Technology', 'Hard disk', '', '', '', '', '4000', '5400', '', '', '', '', 93195),
(96757, 'Intel', 'Matična ploča', '', '', '', '', '', '', '', 'H410', '', '', 60547),
(96777, 'Kanguru', 'DVD-ROM', '', '', '', '', '', '', '181', '', '', '', 17143),
(97091, 'GoldStar', 'DVD-ROM', '', '', '', '', '', '', '163', '', '', '', 38312),
(97109, 'InterVideo', 'DVD-ROM', '', '', '', '', '', '', '182', '', '', '', 79898),
(97123, 'AMD ', 'Procesor', 'AMD Threadripper 3970X', '', '', '', '', '', '', '', '3.7', '32', 1523),
(97174, 'AOC', 'Monitor', '', '', '32', '', '', '', '', '', '', '', 31651),
(97219, 'Zion', 'RAM', '', '', '', 'DDR4', '4', '', '', '', '', '', 97520),
(97221, 'Nvidia', 'Grafička kartica', 'Nvidia GeForce RTX 2060 Super', '8GB GDDR6', '', '', '', '', '', '', '', '', 27286),
(97243, 'AOC', 'Monitor', '', '', '32', '', '', '', '', '', '', '', 96880),
(97278, 'Samsung', 'RAM', '', '', '', 'DDR2', '16', '', '', '', '', '', 32492),
(97286, 'Seagate ', 'Hard disk', '', '', '', '', '500', '5400', '', '', '', '', 88497),
(97289, 'EVM', 'RAM', '', '', '', 'DDR4', '16', '', '', '', '', '', 15615),
(97356, 'MEGAZ', 'Hard disk', '', '', '', '', '3000', '7200', '', '', '', '', 52975),
(97472, 'ASRock', 'Matična ploča', '', '', '', '', '', '', '', 'A520', '', '', 89099),
(97484, 'Zion', 'RAM', '', '', '', 'DDR4', '4', '', '', '', '', '', 10239),
(97502, 'Iiyama', 'Monitor', '', '', '34', '', '', '', '', '', '', '', 69265),
(97548, 'Alienware ', 'Monitor', '', '', '34', '', '', '', '', '', '', '', 96950),
(97715, 'Seagate ', 'Hard disk', '', '', '', '', '14000', '10000', '', '', '', '', 18996),
(97803, 'Yamaha', 'DVD-ROM', '', '', '', '', '', '', '210', '', '', '', 41463),
(98001, 'Intel', 'Procesor', 'Intel Core i9-11900K', '', '', '', '', '', '', '', '3.5', '8', 34925),
(98042, 'Intel', 'Matična ploča', '', '', '', '', '', '', '', 'H370', '', '', 46657),
(98329, 'AOC', 'Monitor', '', '', '32', '', '', '', '', '', '', '', 7056),
(98387, 'CrossLCD', 'Monitor', '', '', '32', '', '', '', '', '', '', '', 32484),
(98451, 'AMD', 'Matična ploča', '', '', '', '', '', '', '', 'X399', '', '', 77780),
(98453, 'Nvidia', 'Grafička kartica', 'Nvidia GeForce RTX 2080 Ti', '11GB GDDR6', '', '', '', '', '', '', '', '', 95711),
(98582, 'Panasonic', 'DVD-ROM', '', '', '', '', '', '', '164', '', '', '', 93515),
(98586, 'Nvidia', 'Grafička kartica', 'Nvidia GeForce RTX 2070 Super', '8GB GDDR6', '', '', '', '', '', '', '', '', 6312),
(98640, 'Intel', 'Matična ploča', '', '', '', '', '', '', '', 'B365', '', '', 24223),
(98691, 'BenQ', 'DVD-ROM', '', '', '', '', '', '', '228', '', '', '', 71366),
(98774, 'Razer', 'Monitor', '', '', '27', '', '', '', '', '', '', '', 99345),
(98857, 'Sigma Designs', 'DVD-ROM', '', '', '', '', '', '', '235', '', '', '', 2703),
(98880, 'Intel', 'Procesor', 'Intel Core i9-11900K', '', '', '', '', '', '', '', '3.5', '8', 80761),
(98975, 'Viotek', 'Monitor', '', '', '49', '', '', '', '', '', '', '', 14682),
(99038, 'Intel', 'Matična ploča', '', '', '', '', '', '', '', 'H370', '', '', 84809),
(99158, 'Silicon Power', 'RAM', '', '', '', 'DDR2', '8', '', '', '', '', '', 66365),
(99257, 'Nvidia', 'Grafička kartica', 'Nvidia Titan Xp', '12GB GDDR5X', '', '', '', '', '', '', '', '', 49973),
(99343, 'Dell ', 'Monitor', '', '', '27', '', '', '', '', '', '', '', 67233),
(99432, 'AMD ', 'Procesor', 'AMD Ryzen 9 5900X', '', '', '', '', '', '', '', '3.7', '12', 84062),
(99435, 'Intel', 'Matična ploča', '', '', '', '', '', '', '', 'H510', '', '', 26177),
(99618, 'Seagate ', 'Hard disk', '', '', '', '', '2000', '7200', '', '', '', '', 61108),
(99772, 'Intel', 'Matična ploča', '', '', '', '', '', '', '', 'Z370', '', '', 63999),
(99976, 'BenQ', 'DVD-ROM', '', '', '', '', '', '', '228', '', '', '', 87863),
(99986, 'AMD ', 'Procesor', 'AMD Threadripper 2990WX (GM)', '', '', '', '', '', '', '', '3', '32', 93515),
(321333, 'AMD', 'Procesor', 'Ryzen', NULL, NULL, NULL, NULL, NULL, NULL, NULL, '9', '12', 61733);

-- --------------------------------------------------------

--
-- Table structure for table `mjesto`
--

CREATE TABLE IF NOT EXISTS `mjesto` (
  `ptt` int(11) NOT NULL,
  `naziv` varchar(100) NOT NULL,
  PRIMARY KEY (`ptt`)
) ENGINE=InnoDB DEFAULT CHARSET=utf8;

--
-- Dumping data for table `mjesto`
--

INSERT INTO `mjesto` (`ptt`, `naziv`) VALUES
(70206, 'Jezero'),
(70260, 'Mrkonjić Grad'),
(70270, 'Šipovo'),
(70273, 'Kupres'),
(71123, 'Istočno Sarajevo'),
(71126, 'Istočno Novo Sarajevo'),
(71144, 'Istočni Stari Grad'),
(71216, 'Istočna Ilidža'),
(71220, 'Trnovo'),
(71230, 'Kalinovik'),
(71350, 'Sokolac'),
(71360, 'Han Pijesak'),
(71420, 'Pale'),
(73110, 'Novo Goražde'),
(73220, 'Rogatica'),
(73240, 'Višegrad'),
(73260, 'Rudo'),
(73280, 'Čajniče'),
(73301, 'Foča'),
(74101, 'Doboj'),
(74208, 'Stanari'),
(74270, 'Teslić'),
(74317, 'Petrovo'),
(74400, 'Derventa'),
(74450, 'Brod'),
(74470, 'Vukosavlje'),
(74480, 'Modriča'),
(75240, 'Lopare'),
(75400, 'Zvornik'),
(75406, 'Osmaci'),
(75420, 'Bratunac'),
(75430, 'Srebrenica'),
(75440, 'Vlasenica'),
(75446, 'Milići'),
(75450, 'Šekovići'),
(76101, 'Brčko'),
(76230, 'Šamac'),
(76256, 'Pelagićevo'),
(76273, 'Donji Žabar'),
(76300, 'Bijeljina'),
(76330, 'Ugljevik'),
(78101, 'Banjaluka'),
(78220, 'Kotor Varoš'),
(78230, 'Kneževo'),
(78240, 'Čelinac'),
(78250, 'Laktaši'),
(78400, 'Gradiška'),
(78420, 'Srbac'),
(78430, 'Prnjavor'),
(79101, 'Prijedor'),
(79220, 'Novi Grad'),
(79224, 'Kostajnica'),
(79227, 'Krupa na Uni'),
(79240, 'Kozarska Dubica'),
(79263, 'Oštra Luka'),
(79288, 'Ribnik'),
(79290, 'Petrovac'),
(79291, 'Istočni Drvar'),
(88280, 'Nevesinje'),
(88363, 'Berkovići'),
(88380, 'Ljubinje'),
(89101, 'Trebinje'),
(89230, 'Bileća'),
(89240, 'Gacko');

-- --------------------------------------------------------

--
-- Table structure for table `naplacuje`
--

CREATE TABLE IF NOT EXISTS `naplacuje` (
  `racun_idracuna` int(11) NOT NULL,
  `usluga_idusluge` int(11) NOT NULL,
  `igrac_idigraca` int(11) NOT NULL,
  KEY `fk_naplacuje_racun_idracuna_idx` (`racun_idracuna`),
  KEY `fk_naplacuje_usluga_idusluge_idx` (`usluga_idusluge`),
  KEY `fk_naplacuje_igrac_idigraca_idx` (`igrac_idigraca`)
) ENGINE=InnoDB DEFAULT CHARSET=utf8;

--
-- Dumping data for table `naplacuje`
--

INSERT INTO `naplacuje` (`racun_idracuna`, `usluga_idusluge`, `igrac_idigraca`) VALUES
(1, 2, 145),
(1, 4, 145),
(1, 3, 145),
(1, 5, 145),
(2, 2, 47),
(2, 4, 47),
(2, 4, 47),
(2, 5, 47),
(3, 1, 105),
(3, 3, 105),
(4, 1, 170),
(4, 1, 170),
(4, 5, 170),
(4, 3, 170),
(5, 2, 18),
(5, 3, 18),
(6, 2, 101),
(6, 5, 101),
(6, 5, 101),
(6, 4, 101),
(7, 1, 46),
(8, 2, 119),
(8, 4, 119),
(8, 5, 119),
(9, 1, 125),
(9, 5, 125),
(9, 4, 125),
(9, 4, 125),
(10, 2, 180),
(10, 4, 180),
(10, 5, 180),
(11, 2, 32),
(11, 4, 32),
(11, 5, 32),
(12, 1, 50),
(12, 5, 50),
(12, 4, 50),
(12, 4, 50),
(13, 1, 99),
(13, 5, 99),
(13, 4, 99),
(13, 4, 99),
(14, 2, 114),
(14, 5, 114),
(14, 5, 114),
(14, 4, 114),
(15, 1, 6),
(16, 2, 12),
(16, 5, 12),
(16, 5, 12),
(16, 4, 12),
(17, 2, 171),
(18, 2, 83),
(18, 5, 83),
(18, 5, 83),
(18, 4, 83),
(19, 2, 194),
(19, 5, 194),
(19, 5, 194),
(19, 4, 194),
(20, 1, 100),
(20, 5, 100),
(1087188479, 1, 3),
(1087188479, 9, 3);

-- --------------------------------------------------------

--
-- Table structure for table `racun`
--

CREATE TABLE IF NOT EXISTS `racun` (
  `idracun` int(11) NOT NULL,
  `radnik_idradnika` varchar(13) NOT NULL,
  `ukupna_cijena` double NOT NULL,
  PRIMARY KEY (`idracun`),
  KEY `fk_racun_radnik_idradnika_idx` (`radnik_idradnika`)
) ENGINE=InnoDB DEFAULT CHARSET=utf8;

--
-- Dumping data for table `racun`
--

INSERT INTO `racun` (`idracun`, `radnik_idradnika`, `ukupna_cijena`) VALUES
(1, '2508000477954', 9),
(2, '2508000477954', 10),
(3, '2604001723962', 3),
(4, '0906002937592', 7),
(5, '0404997834826', 5),
(6, '2706000927653', 10),
(7, '1506996264943', 2),
(8, '0607005257492', 8),
(9, '0908996778687', 7),
(10, '1809001466256', 8),
(11, '2609992772277', 8),
(12, '2204992448386', 7),
(13, '0603998942897', 7),
(14, '1803002659533', 10),
(15, '2702000868443', 2),
(16, '3103006379647', 10),
(17, '1309999366448', 4),
(18, '0608003644935', 10),
(19, '1808997689277', 10),
(20, '1508006333667', 4),
(1087188479, '2204999355638', 1.2);

-- --------------------------------------------------------

--
-- Table structure for table `racunar`
--

CREATE TABLE IF NOT EXISTS `racunar` (
  `broj_racunara` int(11) NOT NULL,
  `mrezno_ime` varchar(45) NOT NULL,
  `igraonica_reg_broj` int(11) NOT NULL,
  PRIMARY KEY (`broj_racunara`),
  KEY `fk_racunar_igraonica_reg_broj_idx` (`igraonica_reg_broj`)
) ENGINE=InnoDB DEFAULT CHARSET=utf8;

--
-- Dumping data for table `racunar`
--

INSERT INTO `racunar` (`broj_racunara`, `mrezno_ime`, `igraonica_reg_broj`) VALUES
(623, 'AllStar_8', 897063916),
(1523, 'Metropolis_9', 602268103),
(2703, 'Anarchy_4', 776870164),
(2986, 'Mreža_4', 649949451),
(3375, 'MeetingPoint_7', 473920565),
(3935, 'Anarchy_3', 776870164),
(4944, 'Kaffa_6', 585988724),
(5733, 'Metropolis_8', 602268103),
(6312, 'FrendlyFire_4', 169182940),
(6728, 'EsspressoLab_4', 597169265),
(7056, 'Mreža_10', 649949451),
(7314, 'EsspressoLab_7', 597169265),
(7922, 'AllStar_4', 897063916),
(8301, 'AllStar_9', 897063916),
(10239, 'LSide_2', 907399502),
(11393, 'AllStar_5', 971027170),
(12458, 'EsspressoLab_2', 597169265),
(12558, 'Mreža_1', 649949451),
(14521, 'LSide_8', 907399502),
(14682, 'CaffeCyber_7', 976984843),
(15593, 'CaffeCyber_3', 976984843),
(15615, 'CaffeCyber_10', 176485870),
(15630, 'Matrix_9', 352334133),
(16466, 'MeetingPoint_10', 473920565),
(16632, 'Mreža_7', 649949451),
(17053, 'AllStar_3', 897063916),
(17143, 'GameCity_3', 151528092),
(17976, 'AllStar_1 ', 264616476),
(18665, 'Dex_9', 388246784),
(18996, 'GameCity_9', 151528092),
(19157, 'GameCaffe007_9', 205700778),
(20665, 'Kaffa_9', 585988724),
(20982, 'AllStar_4', 264616476),
(21709, 'MeetingPoint_3', 473920565),
(22581, 'Anarchy_10', 776870164),
(22674, 'EsspressoLab_5', 352772045),
(22852, 'AllStar_9', 971027170),
(22958, 'Matrix_6', 580000563),
(23347, 'EsspressoLab_8', 597169265),
(23489, 'LSide_2', 616537866),
(24223, 'CaffeCyber_7', 176485870),
(24660, 'AllStar_4', 971027170),
(25316, 'CaffeCyber_1', 976984843),
(25409, 'CaffeCyber_10', 976984843),
(25504, 'CaffeCyber_8', 176485870),
(25959, 'Anarchy_8', 776870164),
(26177, 'Kaffa_10', 585988724),
(26767, 'EsspressoLab_7', 352772045),
(27286, 'Anarchy_7', 776870164),
(28085, 'AllStar_1 ', 897063916),
(28593, 'GameCaffe007_3', 205700778),
(30559, 'Dex_1', 388246784),
(30650, 'EsspressoLab_5', 597169265),
(30876, 'GameCaffe007_1', 205700778),
(31651, 'Mreža_9', 649949451),
(32484, 'Anarchy_5', 776870164),
(32492, 'Dex_10', 388246784),
(32872, 'CaffeCyber_1', 176485870),
(33210, 'MeetingPoint_1', 473920565),
(33975, 'LSide_9', 616537866),
(34207, 'AllStar_7', 897063916),
(34616, 'EsspressoLab_8', 352772045),
(34925, 'AllStar_9', 264616476),
(35317, 'Metropolis_6', 602268103),
(35688, 'LSide_5', 616537866),
(35812, 'EsspressoLab_6', 352772045),
(35979, 'FrendlyFire_6', 169182940),
(37046, 'CaffeCyber_2', 976984843),
(37080, 'GameCaffe007_7', 205700778),
(37646, 'Metropolis_10', 602268103),
(37694, 'EsspressoLab_6', 597169265),
(38312, 'Metropolis_5', 602268103),
(38807, 'Mreža_5', 649949451),
(40290, 'Matrix_1', 352334133),
(40326, 'Matrix_10', 580000563),
(40526, 'Matrix_8', 580000563),
(40670, 'CaffeCyber_4', 176485870),
(41459, 'GameCaffe007_8', 205700778),
(41463, 'CaffeCyber_3', 176485870),
(42243, 'CaffeCyber_6', 176485870),
(42382, 'LSide_1', 616537866),
(42399, 'Kaffa_8', 585988724),
(42596, 'FrendlyFire_9', 169182940),
(42721, 'LSide_3', 616537866),
(44971, 'FrendlyFire_5', 169182940),
(46175, 'GameCity_1 ', 151528092),
(46273, 'AllStar_2', 971027170),
(46350, 'FrendlyFire_7', 169182940),
(46513, 'Matrix_4', 580000563),
(46622, 'GameCity_5', 151528092),
(46657, 'Matrix_5', 580000563),
(47320, 'Mreža_3', 649949451),
(47586, 'LSide_7', 907399502),
(48303, 'FrendlyFire_2', 169182940),
(48460, 'EsspressoLab_3', 352772045),
(48767, 'GameCaffe007_6', 205700778),
(48805, 'EsspressoLab_10', 352772045),
(49973, 'GameCity_7', 151528092),
(50657, 'AllStar_6', 264616476),
(50687, 'Anarchy_9', 776870164),
(51498, 'EsspressoLab_9', 352772045),
(51955, 'AllStar_7', 264616476),
(52351, 'EsspressoLab_9', 597169265),
(52370, 'EsspressoLab_1', 597169265),
(52512, 'AllStar_3', 971027170),
(52527, 'CaffeCyber_8', 976984843),
(52887, 'LSide_10', 907399502),
(52975, 'CaffeCyber_9', 176485870),
(54932, 'CaffeCyber_5', 976984843),
(55899, 'FrendlyFire_8', 169182940),
(56034, 'Matrix_9', 580000563),
(58116, 'LSide_6', 907399502),
(58673, 'MeetingPoint_6', 473920565),
(59355, 'CaffeCyber_9', 976984843),
(60312, 'Metropolis_4', 602268103),
(60547, 'EsspressoLab_3', 597169265),
(60629, 'Anarchy_6', 776870164),
(60959, 'FrendlyFire_10', 169182940),
(61108, 'AllStar_2', 264616476),
(61733, 'GameCity_2', 151528092),
(63348, 'Matrix_4', 352334133),
(63545, 'AllStar_5', 897063916),
(63670, 'MeetingPoint_9', 473920565),
(63790, 'Dex_3', 388246784),
(63999, 'Metropolis_7', 602268103),
(64575, 'FrendlyFire_3', 169182940),
(65614, 'MeetingPoint_2', 473920565),
(65863, 'LSide_9', 907399502),
(66365, 'Anarchy_2', 776870164),
(67233, 'MeetingPoint_5', 473920565),
(67591, 'CaffeCyber_4', 976984843),
(67661, 'GameCity_6', 151528092),
(67766, 'Dex_4', 388246784),
(68309, 'Kaffa_7', 585988724),
(68627, 'Kaffa_1', 585988724),
(69265, 'Dex_5', 388246784),
(69808, 'GameCity_8', 151528092),
(71159, 'Matrix_5', 352334133),
(71366, 'EsspressoLab_1', 352772045),
(72596, 'LSide_1', 907399502),
(72689, 'AllStar_10', 264616476),
(73959, 'CaffeCyber_2', 176485870),
(74760, 'LSide_4', 616537866),
(75258, 'Kaffa_5', 585988724),
(75287, 'LSide_8', 616537866),
(75324, 'Dex_2', 388246784),
(76626, 'Anarchy_1', 776870164),
(77350, 'Mreža_2', 649949451),
(77534, 'EsspressoLab_10', 597169265),
(77780, 'Dex_6', 388246784),
(77893, 'Matrix_3', 580000563),
(78046, 'AllStar_8', 971027170),
(79150, 'AllStar_3', 264616476),
(79898, 'GameCaffe007_5', 205700778),
(80761, 'AllStar_10', 971027170),
(80862, 'Matrix_7', 580000563),
(81873, 'LSide_10', 616537866),
(83107, 'Matrix_2', 580000563),
(83348, 'LSide_5', 907399502),
(84062, 'AllStar_2', 897063916),
(84475, 'Matrix_7', 352334133),
(84598, 'Matrix_1', 580000563),
(84781, 'LSide_7', 616537866),
(84809, 'Matrix_3', 352334133),
(85417, 'Mreža_6', 649949451),
(86038, 'Dex_7', 388246784),
(86211, 'AllStar_5', 264616476),
(86728, 'GameCaffe007_2', 205700778),
(86904, 'GameCity_4', 151528092),
(87348, 'AllStar_7', 971027170),
(87431, 'Matrix_10', 352334133),
(87863, 'EsspressoLab_2', 352772045),
(88497, 'EsspressoLab_4', 352772045),
(89099, 'CaffeCyber_5', 176485870),
(89415, 'CaffeCyber_6', 976984843),
(92426, 'Matrix_8', 352334133),
(92624, 'Dex_8', 388246784),
(92652, 'GameCaffe007_4', 205700778),
(93195, 'Metropolis_3', 602268103),
(93207, 'Kaffa_2', 585988724),
(93515, 'LSide_3', 907399502),
(93624, 'Metropolis_1', 602268103),
(94783, 'GameCaffe007_10', 205700778),
(95566, 'AllStar_6', 971027170),
(95711, 'Metropolis_2', 602268103),
(95832, 'AllStar_10', 897063916),
(95889, 'LSide_6', 616537866),
(96030, 'Kaffa_3', 585988724),
(96426, 'Matrix_6', 352334133),
(96880, 'Mreža_8', 649949451),
(96950, 'FrendlyFire_1', 169182940),
(97088, 'AllStar_6', 897063916),
(97113, 'Kaffa_4', 585988724),
(97132, 'MeetingPoint_8', 473920565),
(97520, 'LSide_4', 907399502),
(97823, 'AllStar_8', 264616476),
(98605, 'MeetingPoint_4', 473920565),
(99345, 'AllStar_1 ', 971027170),
(99694, 'Matrix_2', 352334133);

-- --------------------------------------------------------

--
-- Table structure for table `radnik`
--

CREATE TABLE IF NOT EXISTS `radnik` (
  `jmbg` varchar(13) NOT NULL,
  `ime` varchar(45) NOT NULL,
  `prezime` varchar(45) NOT NULL,
  `dat_zaposlenja` date NOT NULL,
  `plata` double NOT NULL,
  `mjesto_ptt` int(11) NOT NULL,
  `igraonica_reg_broj` int(11) NOT NULL,
  `administrator` tinyint(4) NOT NULL,
  `korisnicko_ime` varchar(45) NOT NULL,
  `lozinka` varchar(128) NOT NULL,
  `zaposlen` tinyint(4) NOT NULL,
  PRIMARY KEY (`jmbg`),
  KEY `fk_radnik_mjesto_ptt_idx` (`mjesto_ptt`),
  KEY `fk_radnik_igraonica_reg_broj_idx` (`igraonica_reg_broj`)
) ENGINE=InnoDB DEFAULT CHARSET=utf8;

--
-- Dumping data for table `radnik`
--

INSERT INTO `radnik` (`jmbg`, `ime`, `prezime`, `dat_zaposlenja`, `plata`, `mjesto_ptt`, `igraonica_reg_broj`, `administrator`, `korisnicko_ime`, `lozinka`, `zaposlen`) VALUES
('0207989863669', 'Đorđe', 'Marjanović', '2018-03-14', 360, 70273, 907399502, 0, 'ĐorđeMarjanović98', '*63A82C3C2287765F2D58AB53AEFF48F6C99CC797', 1),
('0303002887756', 'Milica', 'Krstić', '2020-04-27', 350, 76256, 897063916, 0, 'MilicaKrstić00', '*5AE5EA0DF12FAF70523B3329D8B0AA5F948C7D8C', 1),
('0304993745743', 'Mia', 'Jović', '2018-10-25', 350, 75440, 616537866, 0, 'MiaJović99', '*0A4D2A898E3A4DC9CF2B5EB972DECE55A2F5C468', 1),
('0305995693425', 'Dejan', 'Bošković', '2020-02-25', 410, 74480, 907399502, 1, 'DejanBošković99', '*C9B35D3036954077F4A19E01D0B487DC17DCFFC0', 1),
('0308984556576', 'David', 'Veljković', '2018-09-16', 450, 79290, 976984843, 0, 'DavidVeljković98', '*E5A1862728D8A83CEE7223C3554D291BB4F8A92E', 1),
('0308989657384', 'Kalina', 'Nedeljković', '2019-04-04', 380, 79263, 971027170, 0, 'KalinaNedeljković98', '*DDD7FF9AD85E7D38CB5D61029D7C64EB014CEE33', 1),
('0308993957663', 'Nikolina', 'Lazić', '2017-07-11', 390, 74450, 597169265, 0, 'NikolinaLazić99', '*B6F4E4B82AE2359E3B54B229DEF9D4A296526397', 1),
('0308995687894', 'Sava', 'Đurđević', '2016-03-07', 410, 74400, 205700778, 1, 'SavaĐurđević99', '*DFFDD2DE89DAF14EA587F743D1D652095B4ACF47', 1),
('0404997834826', 'Đurđa', 'Petrović', '2020-04-27', 410, 78220, 264616476, 0, 'ĐurđaPetrović99', '*9786B41D226FC76A68E670792000CC88D737FA7F', 1),
('0503003453749', 'Pavle', 'Vuković', '2015-07-07', 390, 88280, 976984843, 0, 'PavleVuković00', '*424C57EE1FE7D13A10CAD1BEBB87D524B9CC2AE2', 1),
('0504997866775', 'Marko', 'Perić', '2017-02-10', 430, 70206, 205700778, 0, 'MarkoPerić99', '*FB136A3016E0087B9BA7E20B5B1D386229DC6E50', 1),
('0505985953887', 'Mateja', 'Jakovljević', '2017-10-01', 430, 78420, 776870164, 0, 'MatejaJakovljević98', '*D60E9D2403B76673CA44B814B263811D0F143645', 1),
('0505993228883', 'Nikola', 'Milanović', '2020-09-23', 410, 73280, 473920565, 0, 'NikolaMilanović99', '*DB352CB6A1F8F4A99EA5FA3BA05E8EC03AA6452D', 1),
('0602982242254', 'Kristina', 'Gajić', '2018-12-09', 400, 71350, 352334133, 0, 'KristinaGajić98', '*D1B7977A69E2644C165037BAA59E6EEF0F58AA94', 1),
('0602996676272', 'Kosta', 'Babić', '2016-03-17', 380, 78230, 602268103, 0, 'KostaBabić99', '*77A1E1F4AD68B8359A9ECBF5160DE9AF25618CC2', 1),
('0603007223363', 'Bogdan', 'Pešić', '2016-12-17', 370, 73220, 264616476, 0, 'BogdanPešić00', '*31395AEB40929519A0346243371CEC34F1D026D4', 1),
('0603998942897', 'Mina', 'Popović', '2017-05-08', 380, 70270, 602268103, 0, 'MinaPopović99', '*5CA3ED3B8819EF763DC9B6919D5134D01CFE0243', 1),
('0604988958678', 'Staša', 'Živanović', '2017-02-03', 380, 79224, 176485870, 0, 'StašaŽivanović98', '*8417DCAB3A26B763E5FB3A53C14639B0F900C58E', 1),
('0606999374997', 'Anđela', 'Aleksić', '2016-05-08', 390, 74317, 352334133, 0, 'AnđelaAleksić99', '*F777AB6520292883E9D04B8D6019C9AC39DC5BFC', 1),
('0607005257492', 'Petra', 'Kovačević', '2017-06-16', 430, 75240, 388246784, 0, 'PetraKovačević00', '*CC345190F132EB30793CDEED2C1E34C6292D24CE', 1),
('0608003644935', 'Teodora', 'Ristić', '2017-10-10', 430, 79290, 907399502, 0, 'TeodoraRistić00', '*F148E6A543CC40A0ED19C39A6D6EBA879D5A23DD', 1),
('0702985474665', 'Stefan', 'Blagojević', '2020-10-09', 350, 89101, 169182940, 0, 'StefanBlagojević98', '*33E14FEC41521C6FC8D935B90403397476FBF145', 1),
('0706005549746', 'Vukašin', 'Jevtić', '2020-01-22', 410, 88280, 649949451, 0, 'VukašinJevtić00', '*AB174C06317699E06F683EED549AF788AC18B63B', 1),
('0707987883672', 'Anđelija', 'Bogdanović', '2017-10-21', 380, 71216, 352772045, 0, 'AnđelijaBogdanović98', '*7D4FE4A18CBB23CFE8E175ABB05C48EC3C6AFABE', 1),
('0802996973544', 'Mateo', 'Radivojević', '2018-05-16', 440, 75406, 776870164, 1, 'MateoRadivojević99', '*1D7AD3D583D54D2EC7247F5885D852D61C7E8F6A', 1),
('0904986823772', 'Ilija', 'Miljković', '2018-04-17', 410, 76273, 597169265, 1, 'IlijaMiljković98', '*A27708AF5C30318A47FF4D006C57E58D82A776F4', 1),
('0906002937592', 'Sofija', 'Janković', '2019-10-03', 430, 78400, 205700778, 0, 'SofijaJanković00', '*4F369F104FFA2BA907B7D38C07576889D2B09F40', 1),
('0908903357493', 'Lenka', 'Filipović', '2016-12-02', 350, 74208, 585988724, 0, 'LenkaFilipović90', '*E94A3331E366F9FC0F7D5CA9E2E41F424C9E5189', 1),
('0908996778687', 'Nika', 'Đorđević', '2019-02-11', 360, 78250, 473920565, 0, 'NikaĐorđević99', '*7F3F134BC1B2F9065A049F2BB76E78210310FD0B', 1),
('1202005955724', 'Aleksa', 'Tasić', '2015-07-30', 410, 73240, 971027170, 0, 'AleksaTasić00', '*B24408ECBC9F61E89E9FCEEB9BA5AFBF6F9FD46C', 1),
('1202007893993', 'Viktor', 'Đokić', '2019-10-28', 430, 88363, 776870164, 0, 'ViktorĐokić00', '*20D26F6AA7B8E2C64997C2E982162D2CDCE70548', 1),
('1204998367969', 'Boško', 'Trifunović', '2017-08-02', 390, 74317, 616537866, 1, 'BoškoTrifunović99', '*15683F36DE9F7D545D54D3825833C3C5DE087C06', 1),
('1207985628345', 'Aleksej', 'Miletić', '2018-10-27', 380, 76101, 585988724, 1, 'AleksejMiletić98', '*F722D12BAC1827A4DB34D6844E169C026A36171D', 1),
('1208986434329', 'Luka', 'Mitić', '2019-06-30', 380, 71360, 205700778, 0, 'LukaMitić98', '*4FABAF247A9228E04DB86244E3AE9826DC1557D1', 1),
('1209992863637', 'Danilo', 'Nešić', '2019-12-16', 410, 74101, 602268103, 1, 'DaniloNešić99', '*28CA3D0D066C9AFC0E353082BE9BB1E96A7B99A3', 1),
('1302996283892', 'Dušan', 'Vučković', '2019-11-11', 400, 78240, 580000563, 0, 'DušanVučković99', '*FF5FB79B44C7589C84B5531DA40AF2D580744EEC', 1),
('1303002795778', 'Vuk', 'Antić', '2020-11-15', 390, 89230, 907399502, 0, 'VukAntić00', '*04A551098926DE4DF3EAF94D5B41C82E86777845', 1),
('1303004883534', 'Maša', 'Ivanović', '2019-10-28', 400, 76273, 264616476, 0, 'MašaIvanović00', '*DA1E99E4CB9FDEB859782DFB0D449425947893D1', 1),
('1304998987974', 'Miljan', 'Stamenković', '2020-03-28', 450, 75440, 176485870, 1, 'MiljanStamenković99', '*FFDC6B8A48F7151F25B1A37C0065E022849DF13A', 1),
('1305993796956', 'Anja', 'Radovanović', '2020-06-04', 420, 75400, 205700778, 0, 'AnjaRadovanović99', '*4FE624128ACC321BCDD6FAEA3244EEF291567E05', 1),
('1308984539233', 'Lana', 'Novaković', '2018-05-14', 430, 71123, 585988724, 0, 'LanaNovaković98', '*252CC534C5004987ECB14DE013AD0649222AAB4E', 1),
('1309999366448', 'Aleksandra', 'Jovanović', '2019-11-11', 470, 78101, 897063916, 0, 'AleksandraJovanović99', '*D17C17467B76A40BFEDA3D466A6E298D1F541026', 1),
('1407998238287', 'Mihajlo', 'Zdravković', '2018-06-05', 350, 78101, 352772045, 0, 'MihajloZdravković99', '*723E66C97A745C1CA97B75334ED3485B8DD622BA', 1),
('1408982668983', 'Marija', 'Simić', '2020-08-19', 350, 79227, 897063916, 0, 'MarijaSimić98', '*6B5FDBF1175235A140E13391F1240E01A124C17F', 1),
('1503995774786', 'Zoran', 'Đukić', '2020-07-07', 380, 75420, 388246784, 1, 'ZoranĐukić99', '*ADE929374F8BBA395B606A97A2C42A5FA94078CF', 1),
('1506984856423', 'Jakov', 'Tošić', '2020-10-20', 440, 79291, 176485870, 0, 'JakovTošić98', '*C1F5209240691DA073D99935EFFDDCB02883338A', 1),
('1506996264943', 'Srna', 'Pavlović', '2015-11-11', 370, 70206, 352772045, 0, 'SrnaPavlović99', '*5F69564898FA1D0CF71D3F021DCA4C84740B9D08', 1),
('1508006333667', 'Tara', 'Dimitrijević', '2018-01-24', 400, 76101, 976984843, 0, 'TaraDimitrijević00', '*C4F82F79154D3746B764FFFAE8893EAF45CF7ABD', 1),
('1606982799295', 'Iva', 'Knežević', '2016-11-13', 430, 71144, 597169265, 0, 'IvaKnežević98', '*BDFEA7ED07EDE6FC7BAA7291F90E02B688E335D6', 1),
('1608982859897', 'Aleksandar', 'Maksimović', '2019-01-01', 410, 79288, 616537866, 0, 'AleksandarMaksimović98', '*9FC00C301039A4D6E3540A54EE6DD3C7BEB44C9C', 1),
('1609987475762', 'Veljko', 'Veličković', '2015-11-09', 360, 76230, 473920565, 1, 'VeljkoVeličković98', '*944FEB466B48C27F45FD3BCE7C3428605593C66A', 1),
('1803002659533', 'Lena', 'Kostić', '2016-01-07', 410, 79291, 616537866, 0, 'LenaKostić00', '*D630139D9B6D5EC3CB7616C226889FD1889BA503', 1),
('1804999496288', 'Ivan', 'Urošević', '2019-04-13', 400, 74470, 169182940, 1, 'IvanUrošević99', '*84BC0D39D8F389C1C688A6B86FEF5CE86AFB394C', 1),
('1805998698827', 'Nađa', 'Petković', '2018-09-25', 430, 74470, 602268103, 0, 'NađaPetković99', '*D39870CD93A5023AB4643A84EB8DD97E167609C3', 1),
('1807985453495', 'Elena', 'Milosavljević', '2017-02-09', 350, 79101, 388246784, 0, 'ElenaMilosavljević98', '*CCAAB8A21E88CC2485047C8A0DFD8B486492AB46', 1),
('1808997689277', 'Ema', 'Nikolić', '2018-12-20', 410, 78230, 971027170, 0, 'EmaNikolić99', '*339788ADFED706C1122596AF57877CA4E0E01202', 1),
('1809001466256', 'Irina', 'Stojanović', '2016-11-18', 400, 70273, 580000563, 0, 'IrinaStojanović00', '*C02F74A7A85E7BE32DC7DFF996EE8A3452726570', 1),
('1902983458767', 'Maksim', 'Gavrilović', '2019-02-12', 360, 78430, 388246784, 0, 'MaksimGavrilović98', '*8CAA0A70C3D458CF885606F2D4C3D54B47EEF07B', 1),
('1903999799653', 'Katarina', 'Stevanović', '2017-12-08', 400, 75446, 649949451, 0, 'KatarinaStevanović99', '*EFFC84F15951AF89FE7DD496BAA40EEEAA2BC827', 1),
('1906002559735', 'Vasilije', 'Rakić', '2015-04-06', 380, 73301, 176485870, 0, 'VasilijeRakić00', '*E37B99C0F8645A05E5EDAB1D84E2DFCDC5A0E150', 1),
('1909995995942', 'Una', 'Savić', '2016-10-28', 380, 74270, 473920565, 0, 'UnaSavić99', '*2CF8B19AD7FED4619978C19FAD6E9219B7BF6A9B', 1),
('2131231312312', 'Danijela', 'Milanović', '2021-09-05', 1400, 71123, 151528092, 0, 'DanijelaMilanović99', '*2E70FB3E92F2549B029584828682BF967AD3BBFB', 1),
('2202997375976', 'Ognjen', 'Grujić', '2015-04-20', 350, 78220, 597169265, 0, 'OgnjenGrujić99', '*2FCCC3A877916685F1B3A059A5AE9C54558DED1E', 1),
('2204992448386', 'Vanja', 'Marković', '2020-01-26', 420, 70260, 597169265, 0, 'VanjaMarković99', '*FF533F46509B2B3464DE1395F37DE258000BDA42', 1),
('2204999355638', 'Iskra', 'Vasić', '2015-01-24', 370, 75420, 169182940, 0, 'IskraVasić99', '*00A51F3F48415C7D4E8908980D443C29C69B60C9', 1),
('2207009329525', 'Uroš', 'Stanojević', '2018-11-12', 350, 73110, 897063916, 0, 'UrošStanojević00', '*14F9220D6A3B3F46F7F6987CF83E9DFB1E88CDA7', 1),
('2208002735285', 'Filip', 'Vasiljević', '2018-12-20', 440, 89240, 616537866, 0, 'FilipVasiljević00', '*CB15D6019A09C2997FDCF050B99DEC906621080A', 1),
('2305985349388', 'Konstantin', 'Ivković', '2018-01-11', 400, 76330, 264616476, 1, 'KonstantinIvković98', '*6391E68258DEB7E13B6D5209E26462137334E131', 1),
('2309995838534', 'Danica', 'Lazarević', '2020-02-03', 360, 75406, 151528092, 0, 'DanicaLazarević99', '*497FAD0925AA10FB5C1DA6741CB4F89244F45557', 1),
('2402986276576', 'Hana', 'Đurić', '2015-07-21', 410, 79240, 264616476, 0, 'HanaĐurić98', '*6287A20AA62339829FDE5FE73D672A64FA040CB9', 1),
('2402994965854', 'Anastasija', 'Obradović', '2020-07-15', 360, 74480, 580000563, 0, 'AnastasijaObradović99', '*9DA1CBB7884BA82A837218DD8C4795C2352E9775', 1),
('2403996895824', 'Petar', 'Milić', '2019-05-21', 430, 73260, 585988724, 0, 'PetarMilić99', '*CC2313BC00E88285056C76B072AB480BBD4564FF', 1),
('2403997453975', 'Goran', 'Milutinović', '2020-07-25', 370, 75430, 976984843, 1, 'GoranMilutinović99', '*E6FB531BFE7FB8AD5773318AADF36199834991E5', 1),
('2404989898268', 'Lazar', 'Stefanović', '2016-02-04', 360, 71420, 151528092, 1, 'LazarStefanović98', '*3044A5C69681C584FA6635A45EB1ABCC8FC9045C', 1),
('2409001744747', 'Helena', 'Lukić', '2017-02-28', 420, 74101, 971027170, 0, 'HelenaLukić00', '*53F8D93743940D25A1B5A4048187CC9F59080D17', 1),
('2504996886232', 'Jana', 'Mitrović', '2019-11-29', 440, 74400, 352772045, 0, 'JanaMitrović99', '*8AEDCD3C5F27C7719BC2FA790E52BCF4DF0C8836', 1),
('2508000477954', 'Sara', 'Stanković', '2018-04-19', 350, 78430, 169182940, 0, 'SaraStanković00', '*5208D2DE8961EBBCE8853F41A213B41A03C2BAF1', 1),
('2602983634876', 'Jovana', 'Marinković', '2016-11-09', 370, 71126, 473920565, 0, 'JovanaMarinković98', '*6C56438D996D63A0AF4C715C70A8327918E19CD8', 1),
('2602987857769', 'Miloš', 'Radović', '2019-10-12', 450, 76256, 352772045, 1, 'MilošRadović98', '*71291770E02D470C0CB3B717731DEFBEC13328B1', 1),
('2603996636845', 'Slobodan', 'Božić', '2020-06-25', 370, 75400, 649949451, 1, 'SlobodanBožić99', '*95BFF354F28BBE0AC67AD633D578D30057D7CD4D', 1),
('2604001723962', 'Nina', 'Tomić', '2018-12-02', 410, 76230, 176485870, 0, 'NinaTomić00', '*07DD62E3E6E0A91F02C90C83E62B787586148265', 1),
('2605997435234', 'Damjan', 'Radulović', '2019-12-20', 400, 74270, 352334133, 1, 'DamjanRadulović99', '*2DCA4D577165D42AA2264825B1798FC032E1DB44', 1),
('2606027525545', 'Andrej', 'Stojković', '2019-07-24', 390, 88380, 388246784, 0, 'AndrejStojković2', '*DC523AF0B290EC9A23ECE2D0494FCE94231C50A3', 1),
('2606983362256', 'Nemanja', 'Trajković', '2018-11-02', 420, 76300, 897063916, 1, 'NemanjaTrajković98', '*71F056FD2CAD06BC6BF75B2CF6FA5FB49912D8B9', 1),
('2608999183897', 'Stefan', 'Jokić', '2021-09-12', 1500, 75420, 151528092, 0, 'StefanJokić99', '*00A51F3F48415C7D4E8908980D443C29C69B60C9', 1),
('2609992772277', 'Isidora', 'Ilić', '2016-08-01', 380, 78240, 585988724, 0, 'IsidoraIlić99', '*7F1035792FA1103B2A172C4C7CCCDA4ECD330ACF', 1),
('2702000868443', 'Ana', 'Milošević', '2016-10-09', 360, 76300, 649949451, 0, 'AnaMilošević00', '*ACD4E49BE623AC70A286E3B2731E67620608F019', 1),
('2705986469269', 'Vukan', 'Paunović', '2018-02-28', 440, 70270, 169182940, 0, 'VukanPaunović98', '*FD2E40C1D0463FBEBFA2731E8B00A2528F65211B', 1),
('2705998384567', 'Milan', 'Jeremić', '2015-05-19', 420, 74208, 580000563, 1, 'MilanJeremić99', '*8FA38CD3B9D52D9AF4B9603963647FFCC39FE78E', 1),
('2706000927653', 'Minja', 'Živković', '2019-09-16', 380, 79288, 352334133, 0, 'MinjaŽivković00', '*33BE5782AD205FE10183C5EB79A71E85598173C9', 1),
('2708996624299', 'Andrea', 'Milenković', '2017-04-25', 350, 75450, 776870164, 0, 'AndreaMilenković99', '*9FEDBDDBE22D93AED5B7EB5510D5CC33B7A3B304', 1),
('2802986392274', 'Magdalena', 'Radosavljević', '2015-10-08', 360, 71220, 602268103, 0, 'MagdalenaRadosavljević98', '*24AD3BB415923028F901B608792993CEA08D45B7', 1),
('2904996774582', 'Arsenije', 'Milojević', '2018-07-25', 370, 74450, 151528092, 1, 'ArsenijeMilojević99', '*00A51F3F48415C7D4E8908980D443C29C69B60C9', 1),
('2906987533538', 'Teodor', 'Anđelković', '2015-04-20', 440, 78400, 649949451, 0, 'TeodorAnđelković98', '*48C8D20CF2001278686DD8FA76DBD71E9482599A', 1),
('2906996954466', 'Jovan', 'Matić', '2015-02-04', 430, 78250, 352334133, 0, 'JovanMatić99', '*5F4E7A092C2A4C8EB0095DA39201DB53B63B95D5', 1),
('3003985263375', 'Sergej', 'Arsić', '2018-04-20', 350, 75240, 971027170, 1, 'SergejArsić98', '*C7B448F9450F37E7EF2081CD038C859C8E31B337', 1),
('3007983723353', 'Natalija', 'Mladenović', '2019-07-25', 410, 79220, 976984843, 0, 'NatalijaMladenović98', '*132C50967B2C9E65140659C15B61F774BE25F0FC', 1),
('3007985288598', 'Lara', 'Mihajlović', '2016-04-05', 420, 71230, 580000563, 0, 'LaraMihajlović98', '*D7DFAA101A52DA1CE7F3C00F6617A48820986739', 1),
('3103006379647', 'Mila', 'Cvetković', '2017-06-19', 370, 76330, 776870164, 0, 'MilaCvetković00', '*A5A3827B5EF59EAFA8613F0144C83FC3D7ED2263', 1),
('3103994325852', 'Emilija', 'Milovanović', '2015-02-12', 350, 75430, 907399502, 0, 'EmilijaMilovanović99', '*A922E2DE79474A863BE59D0CD5CE422E5A3D8428', 1);

-- --------------------------------------------------------

--
-- Table structure for table `usluga`
--

CREATE TABLE IF NOT EXISTS `usluga` (
  `idusluga` int(11) NOT NULL,
  `vrsta` varchar(45) NOT NULL,
  `cijena` varchar(45) NOT NULL,
  PRIMARY KEY (`idusluga`)
) ENGINE=InnoDB DEFAULT CHARSET=utf8;

--
-- Dumping data for table `usluga`
--

INSERT INTO `usluga` (`idusluga`, `vrsta`, `cijena`) VALUES
(1, 'sat igranja', '2'),
(2, 'dva sata igranja', '3'),
(3, 'produzetak pola sata', '1'),
(4, 'produzetak sat vremena', '3'),
(5, 'Koka kola', '2'),
(6, 'pola sata igranja', '1 '),
(7, 'tri sata igranja', '6'),
(8, 'voda', '1'),
(9, 'kafa', '1'),
(10, 'fanta', '2'),
(11, 'produzetak dva sata', '4'),
(12, 'produzetak tri sata', '6');

--
-- Constraints for dumped tables
--

--
-- Constraints for table `igra`
--
ALTER TABLE `igra`
  ADD CONSTRAINT `fk_igra_igrac_idigrac` FOREIGN KEY (`igrac_idigrac`) REFERENCES `igrac` (`idigrac`) ON UPDATE CASCADE,
  ADD CONSTRAINT `fk_igra_igrica_idigrica` FOREIGN KEY (`igrica_idigrica`) REFERENCES `igrica` (`idigrica`) ON UPDATE CASCADE,
  ADD CONSTRAINT `fk_igra_racunar_broj_racunara` FOREIGN KEY (`racunar_idracunara`) REFERENCES `racunar` (`broj_racunara`) ON DELETE NO ACTION ON UPDATE CASCADE;

--
-- Constraints for table `igrac`
--
ALTER TABLE `igrac`
  ADD CONSTRAINT `reg_broj_igraonica` FOREIGN KEY (`reg_broj_igraonica`) REFERENCES `igraonica` (`reg_broj`) ON UPDATE CASCADE;

--
-- Constraints for table `igraonica`
--
ALTER TABLE `igraonica`
  ADD CONSTRAINT `fk_igraonica_mjesto_ptt` FOREIGN KEY (`mjesto_ptt`) REFERENCES `mjesto` (`ptt`) ON UPDATE CASCADE;

--
-- Constraints for table `instalirano`
--
ALTER TABLE `instalirano`
  ADD CONSTRAINT `fk_instalirano_igrica_idigrica` FOREIGN KEY (`igrica_idigrica`) REFERENCES `igrica` (`idigrica`) ON UPDATE CASCADE,
  ADD CONSTRAINT `fk_instalirano_racunar_broj_racunara` FOREIGN KEY (`racunar_broj_racunara`) REFERENCES `racunar` (`broj_racunara`) ON UPDATE CASCADE;

--
-- Constraints for table `komponenta`
--
ALTER TABLE `komponenta`
  ADD CONSTRAINT `fk_komponenta_racunar_idracunara` FOREIGN KEY (`racunar_idracunara`) REFERENCES `racunar` (`broj_racunara`) ON UPDATE CASCADE;

--
-- Constraints for table `naplacuje`
--
ALTER TABLE `naplacuje`
  ADD CONSTRAINT `fk_naplacuje_igrac_idigraca` FOREIGN KEY (`igrac_idigraca`) REFERENCES `igrac` (`idigrac`) ON UPDATE CASCADE,
  ADD CONSTRAINT `fk_naplacuje_racun_idracuna` FOREIGN KEY (`racun_idracuna`) REFERENCES `racun` (`idracun`) ON UPDATE CASCADE,
  ADD CONSTRAINT `fk_naplacuje_usluga_idusluge` FOREIGN KEY (`usluga_idusluge`) REFERENCES `usluga` (`idusluga`) ON UPDATE CASCADE;

--
-- Constraints for table `racun`
--
ALTER TABLE `racun`
  ADD CONSTRAINT `fk_racun_radnik_idradnika` FOREIGN KEY (`radnik_idradnika`) REFERENCES `radnik` (`jmbg`) ON UPDATE CASCADE;

--
-- Constraints for table `racunar`
--
ALTER TABLE `racunar`
  ADD CONSTRAINT `fk_racunar_igraonica_reg_broj` FOREIGN KEY (`igraonica_reg_broj`) REFERENCES `igraonica` (`reg_broj`) ON UPDATE CASCADE;

--
-- Constraints for table `radnik`
--
ALTER TABLE `radnik`
  ADD CONSTRAINT `fk_radnik_igraonica_reg_broj` FOREIGN KEY (`igraonica_reg_broj`) REFERENCES `igraonica` (`reg_broj`) ON UPDATE CASCADE,
  ADD CONSTRAINT `fk_radnik_mjesto_ptt` FOREIGN KEY (`mjesto_ptt`) REFERENCES `mjesto` (`ptt`) ON UPDATE CASCADE;
COMMIT;

/*!40101 SET CHARACTER_SET_CLIENT=@OLD_CHARACTER_SET_CLIENT */;
/*!40101 SET CHARACTER_SET_RESULTS=@OLD_CHARACTER_SET_RESULTS */;
/*!40101 SET COLLATION_CONNECTION=@OLD_COLLATION_CONNECTION */;
